UNIX Timestamp,Local Time,Pressure (Pa),Flow (lph),Gas Consumption (l),Temperature (Â°C),Battery Voltage (V),Battery Current (A),Solar Voltage (V),RSSI (dB)
1723544700,2024-08-13 12:25:00+0200,1187.0,454.0,5852.0,25.082,4.198,0.018,9.205,-73.0
1723544640,2024-08-13 12:24:00+0200,1187.0,453.0,,,,,,
1723544580,2024-08-13 12:23:00+0200,1187.0,453.0,,,,,,
1723544520,2024-08-13 12:22:00+0200,1187.0,453.0,,,,,,
1723544460,2024-08-13 12:21:00+0200,1187.0,453.0,,,,,,
1723544400,2024-08-13 12:20:00+0200,752.0,329.0,5815.0,25.082,4.197,0.017,9.207,-73.0
1723544340,2024-08-13 12:19:00+0200,752.0,329.0,,,,,,
1723544280,2024-08-13 12:18:00+0200,926.0,379.0,,,,,,
1723544220,2024-08-13 12:17:00+0200,1187.0,454.0,,,,,,
1723544160,2024-08-13 12:16:00+0200,1187.0,454.0,,,,,,
1723544100,2024-08-13 12:15:00+0200,675.0,302.0,5782.0,25.082,4.198,0.022,9.205,-73.0
1723544040,2024-08-13 12:14:00+0200,752.0,329.0,,,,,,
1723543980,2024-08-13 12:13:00+0200,752.0,328.0,,,,,,
1723543920,2024-08-13 12:12:00+0200,752.0,328.0,,,,,,
1723543860,2024-08-13 12:11:00+0200,752.0,329.0,,,,,,
1723543800,2024-08-13 12:10:00+0200,399.0,214.0,5754.0,25.082,4.198,0.018,9.205,-77.0
1723543740,2024-08-13 12:09:00+0200,399.0,214.0,,,,,,
1723543680,2024-08-13 12:08:00+0200,399.0,214.0,,,,,,
1723543620,2024-08-13 12:07:00+0200,399.0,213.0,,,,,,
1723543560,2024-08-13 12:06:00+0200,399.0,213.0,,,,,,
1723543500,2024-08-13 12:05:00+0200,212.0,134.0,5736.0,25.082,4.198,0.019,9.205,-77.0
1723543440,2024-08-13 12:04:00+0200,259.0,153.0,,,,,,
1723543380,2024-08-13 12:03:00+0200,399.0,210.0,,,,,,
1723543320,2024-08-13 12:02:00+0200,399.0,212.0,,,,,,
1723543260,2024-08-13 12:01:00+0200,399.0,214.0,,,,,,
1723543200,2024-08-13 12:00:00+0200,212.0,130.0,5720.0,25.082,4.198,0.024,9.205,-77.0
1723543140,2024-08-13 11:59:00+0200,213.0,130.0,,,,,,
1723543080,2024-08-13 11:58:00+0200,213.0,131.0,,,,,,
1723543020,2024-08-13 11:57:00+0200,212.0,132.0,,,,,,
1723542960,2024-08-13 11:56:00+0200,212.0,134.0,,,,,,
1723542900,2024-08-13 11:55:00+0200,1707.0,513.0,5709.0,25.082,4.197,0.018,9.205,-79.0
1723542840,2024-08-13 11:54:00+0200,1706.0,513.0,,,,,,
1723542780,2024-08-13 11:53:00+0200,1706.0,513.0,,,,,,
1723542720,2024-08-13 11:52:00+0200,807.0,286.0,,,,,,
1723542660,2024-08-13 11:51:00+0200,212.0,129.0,,,,,,
1723542600,2024-08-13 11:50:00+0200,979.0,377.0,5678.0,25.082,4.197,0.018,9.207,-79.0
1723542540,2024-08-13 11:49:00+0200,1540.0,483.0,,,,,,
1723542480,2024-08-13 11:48:00+0200,1706.0,513.0,,,,,,
1723542420,2024-08-13 11:47:00+0200,1706.0,513.0,,,,,,
1723542360,2024-08-13 11:46:00+0200,1706.0,513.0,,,,,,
1723542300,2024-08-13 11:45:00+0200,979.0,377.0,5638.0,25.082,4.198,0.022,9.207,-79.0
1723542240,2024-08-13 11:44:00+0200,979.0,376.0,,,,,,
1723542180,2024-08-13 11:43:00+0200,979.0,377.0,,,,,,
1723542120,2024-08-13 11:42:00+0200,979.0,376.0,,,,,,
1723542060,2024-08-13 11:41:00+0200,980.0,376.0,,,,,,
1723542000,2024-08-13 11:40:00+0200,503.0,238.0,5606.0,25.082,4.198,0.017,9.207,-77.0
1723541940,2024-08-13 11:39:00+0200,503.0,239.0,,,,,,
1723541880,2024-08-13 11:38:00+0200,655.0,282.0,,,,,,
1723541820,2024-08-13 11:37:00+0200,979.0,376.0,,,,,,
1723541760,2024-08-13 11:36:00+0200,979.0,376.0,,,,,,
1723541700,2024-08-13 11:35:00+0200,503.0,239.0,5580.0,25.082,4.197,0.019,9.205,-77.0
1723541640,2024-08-13 11:34:00+0200,503.0,238.0,,,,,,
1723541580,2024-08-13 11:33:00+0200,503.0,238.0,,,,,,
1723541520,2024-08-13 11:32:00+0200,503.0,239.0,,,,,,
1723541460,2024-08-13 11:31:00+0200,503.0,239.0,,,,,,
1723541400,2024-08-13 11:30:00+0200,264.0,153.0,5560.0,25.082,4.198,0.023,9.205,-77.0
1723541340,2024-08-13 11:29:00+0200,264.0,153.0,,,,,,
1723541280,2024-08-13 11:28:00+0200,264.0,152.0,,,,,,
1723541220,2024-08-13 11:27:00+0200,264.0,152.0,,,,,,
1723541160,2024-08-13 11:26:00+0200,385.0,197.0,,,,,,
1723541100,2024-08-13 11:25:00+0200,264.0,153.0,5546.0,25.082,4.197,0.018,9.205,-77.0
1723541040,2024-08-13 11:24:00+0200,264.0,153.0,,,,,,
1723540980,2024-08-13 11:23:00+0200,264.0,154.0,,,,,,
1723540920,2024-08-13 11:22:00+0200,264.0,154.0,,,,,,
1723540860,2024-08-13 11:21:00+0200,264.0,153.0,,,,,,
1723540800,2024-08-13 11:20:00+0200,264.0,151.0,5534.0,25.082,4.197,0.018,9.207,-77.0
1723540740,2024-08-13 11:19:00+0200,264.0,152.0,,,,,,
1723540680,2024-08-13 11:18:00+0200,264.0,152.0,,,,,,
1723540620,2024-08-13 11:17:00+0200,264.0,152.0,,,,,,
1723540560,2024-08-13 11:16:00+0200,264.0,153.0,,,,,,
1723540500,2024-08-13 11:15:00+0200,2038.0,549.0,5521.0,25.082,4.198,0.022,9.205,-77.0
1723540440,2024-08-13 11:14:00+0200,2037.0,549.0,,,,,,
1723540380,2024-08-13 11:13:00+0200,1458.0,422.0,,,,,,
1723540320,2024-08-13 11:12:00+0200,264.0,150.0,,,,,,
1723540260,2024-08-13 11:11:00+0200,264.0,151.0,,,,,,
1723540200,2024-08-13 11:10:00+0200,2038.0,549.0,5491.0,25.082,4.198,0.017,9.207,-75.0
1723540140,2024-08-13 11:09:00+0200,2038.0,549.0,,,,,,
1723540080,2024-08-13 11:08:00+0200,2038.0,549.0,,,,,,
1723540020,2024-08-13 11:07:00+0200,2038.0,549.0,,,,,,
1723539960,2024-08-13 11:06:00+0200,2037.0,549.0,,,,,,
1723539900,2024-08-13 11:05:00+0200,1094.0,405.0,5445.0,25.082,4.198,0.017,9.205,-75.0
1723539840,2024-08-13 11:04:00+0200,1094.0,405.0,,,,,,
1723539780,2024-08-13 11:03:00+0200,1094.0,405.0,,,,,,
1723539720,2024-08-13 11:02:00+0200,1094.0,405.0,,,,,,
1723539660,2024-08-13 11:01:00+0200,1443.0,458.0,,,,,,
1723539600,2024-08-13 11:00:00+0200,565.0,256.0,5410.0,25.492,4.197,0.023,9.207,-75.0
1723539540,2024-08-13 10:59:00+0200,565.0,255.0,,,,,,
1723539480,2024-08-13 10:58:00+0200,633.0,274.0,,,,,,
1723539420,2024-08-13 10:57:00+0200,1094.0,405.0,,,,,,
1723539360,2024-08-13 10:56:00+0200,1094.0,405.0,,,,,,
1723539300,2024-08-13 10:55:00+0200,565.0,257.0,5383.0,25.082,4.197,0.019,9.205,-81.0
1723539240,2024-08-13 10:54:00+0200,565.0,256.0,,,,,,
1723539180,2024-08-13 10:53:00+0200,565.0,256.0,,,,,,
1723539120,2024-08-13 10:52:00+0200,565.0,256.0,,,,,,
1723539060,2024-08-13 10:51:00+0200,565.0,255.0,,,,,,
1723539000,2024-08-13 10:50:00+0200,295.0,163.0,5362.0,25.082,4.198,0.019,9.205,-81.0
1723538940,2024-08-13 10:49:00+0200,295.0,163.0,,,,,,
1723538880,2024-08-13 10:48:00+0200,296.0,163.0,,,,,,
1723538820,2024-08-13 10:47:00+0200,468.0,223.0,,,,,,
1723538760,2024-08-13 10:46:00+0200,565.0,257.0,,,,,,
1723538700,2024-08-13 10:45:00+0200,2339.0,576.0,5345.0,25.492,4.198,0.02,9.205,-81.0
1723538640,2024-08-13 10:44:00+0200,514.0,207.0,,,,,,
1723538580,2024-08-13 10:43:00+0200,295.0,160.0,,,,,,
1723538520,2024-08-13 10:42:00+0200,296.0,161.0,,,,,,
1723538460,2024-08-13 10:41:00+0200,296.0,161.0,,,,,,
1723538400,2024-08-13 10:40:00+0200,2339.0,577.0,5331.0,25.492,4.198,0.019,9.207,-79.0
1723538340,2024-08-13 10:39:00+0200,2340.0,576.0,,,,,,
1723538280,2024-08-13 10:38:00+0200,2339.0,577.0,,,,,,
1723538220,2024-08-13 10:37:00+0200,2339.0,576.0,,,,,,
1723538160,2024-08-13 10:36:00+0200,2337.0,576.0,,,,,,
1723538100,2024-08-13 10:35:00+0200,1300.0,430.0,5283.0,25.492,4.198,0.018,9.207,-79.0
1723538040,2024-08-13 10:34:00+0200,1301.0,430.0,,,,,,
1723537980,2024-08-13 10:33:00+0200,1299.0,429.0,,,,,,
1723537920,2024-08-13 10:32:00+0200,1834.0,505.0,,,,,,
1723537860,2024-08-13 10:31:00+0200,2340.0,576.0,,,,,,
1723537800,2024-08-13 10:30:00+0200,778.0,309.0,5241.0,25.492,4.198,0.023,9.205,-79.0
1723537740,2024-08-13 10:29:00+0200,1300.0,429.0,,,,,,
1723537680,2024-08-13 10:28:00+0200,1300.0,429.0,,,,,,
1723537620,2024-08-13 10:27:00+0200,1297.0,429.0,,,,,,
1723537560,2024-08-13 10:26:00+0200,1301.0,430.0,,,,,,
1723537500,2024-08-13 10:25:00+0200,617.0,272.0,5205.0,25.492,4.197,0.018,9.202,-77.0
1723537440,2024-08-13 10:24:00+0200,617.0,271.0,,,,,,
1723537380,2024-08-13 10:23:00+0200,617.0,272.0,,,,,,
1723537320,2024-08-13 10:22:00+0200,617.0,272.0,,,,,,
1723537260,2024-08-13 10:21:00+0200,617.0,272.0,,,,,,
1723537200,2024-08-13 10:20:00+0200,316.0,175.0,5182.0,25.492,4.198,0.018,9.205,-77.0
1723537140,2024-08-13 10:19:00+0200,316.0,175.0,,,,,,
1723537080,2024-08-13 10:18:00+0200,531.0,245.0,,,,,,
1723537020,2024-08-13 10:17:00+0200,617.0,273.0,,,,,,
1723536960,2024-08-13 10:16:00+0200,617.0,273.0,,,,,,
1723536900,2024-08-13 10:15:00+0200,316.0,173.0,5161.0,25.492,4.198,0.023,9.205,-77.0
1723536840,2024-08-13 10:14:00+0200,316.0,174.0,,,,,,
1723536780,2024-08-13 10:13:00+0200,316.0,174.0,,,,,,
1723536720,2024-08-13 10:12:00+0200,316.0,175.0,,,,,,
1723536660,2024-08-13 10:11:00+0200,316.0,175.0,,,,,,
1723536600,2024-08-13 10:10:00+0200,2752.0,605.0,5146.0,25.492,4.197,0.018,9.205,-79.0
1723536540,2024-08-13 10:09:00+0200,2752.0,606.0,,,,,,
1723536480,2024-08-13 10:08:00+0200,2753.0,605.0,,,,,,
1723536420,2024-08-13 10:07:00+0200,2771.0,608.0,,,,,,
1723536360,2024-08-13 10:06:00+0200,425.0,195.0,,,,,,
1723536300,2024-08-13 10:05:00+0200,1551.0,459.0,5109.0,25.492,4.198,0.018,9.205,-79.0
1723536240,2024-08-13 10:04:00+0200,2169.0,534.0,,,,,,
1723536180,2024-08-13 10:03:00+0200,2753.0,605.0,,,,,,
1723536120,2024-08-13 10:02:00+0200,2753.0,605.0,,,,,,
1723536060,2024-08-13 10:01:00+0200,2753.0,605.0,,,,,,
1723536000,2024-08-13 10:00:00+0200,1551.0,460.0,5060.0,25.902,4.196,0.022,9.207,-79.0
1723535940,2024-08-13 09:59:00+0200,1551.0,459.0,,,,,,
1723535880,2024-08-13 09:58:00+0200,1551.0,459.0,,,,,,
1723535820,2024-08-13 09:57:00+0200,1551.0,459.0,,,,,,
1723535760,2024-08-13 09:56:00+0200,1551.0,459.0,,,,,,
1723535700,2024-08-13 09:55:00+0200,689.0,298.0,5021.0,25.492,4.194,0.018,9.199,-77.0
1723535640,2024-08-13 09:54:00+0200,690.0,297.0,,,,,,
1723535580,2024-08-13 09:53:00+0200,690.0,298.0,,,,,,
1723535520,2024-08-13 09:52:00+0200,690.0,298.0,,,,,,
1723535460,2024-08-13 09:51:00+0200,1278.0,408.0,,,,,,
1723535400,2024-08-13 09:50:00+0200,621.0,260.0,4992.0,25.492,4.198,0.018,9.207,-77.0
1723535340,2024-08-13 09:49:00+0200,690.0,291.0,,,,,,
1723535280,2024-08-13 09:48:00+0200,689.0,295.0,,,,,,
1723535220,2024-08-13 09:47:00+0200,690.0,297.0,,,,,,
1723535160,2024-08-13 09:46:00+0200,690.0,298.0,,,,,,
1723535100,2024-08-13 09:45:00+0200,347.0,146.0,4968.0,25.492,4.197,0.022,9.202,-77.0
1723535040,2024-08-13 09:44:00+0200,348.0,150.0,,,,,,
1723534980,2024-08-13 09:43:00+0200,347.0,154.0,,,,,,
1723534920,2024-08-13 09:42:00+0200,347.0,159.0,,,,,,
1723534860,2024-08-13 09:41:00+0200,347.0,164.0,,,,,,
1723534800,2024-08-13 09:40:00+0200,38.0,0.0,4953.0,25.492,4.198,0.018,9.205,-79.0
1723534740,2024-08-13 09:39:00+0200,316.0,136.0,,,,,,
1723534680,2024-08-13 09:38:00+0200,337.0,144.0,,,,,,
1723534620,2024-08-13 09:37:00+0200,337.0,144.0,,,,,,
1723534560,2024-08-13 09:36:00+0200,340.0,144.0,,,,,,
1723534500,2024-08-13 09:35:00+0200,57.0,0.0,4942.0,25.492,4.199,0.018,9.205,-79.0
1723534440,2024-08-13 09:34:00+0200,57.0,0.0,,,,,,
1723534380,2024-08-13 09:33:00+0200,57.0,0.0,,,,,,
1723534320,2024-08-13 09:32:00+0200,38.0,0.0,,,,,,
1723534260,2024-08-13 09:31:00+0200,37.0,0.0,,,,,,
1723534200,2024-08-13 09:30:00+0200,57.0,0.0,4942.0,25.492,4.196,0.023,9.202,-79.0
1723534140,2024-08-13 09:29:00+0200,57.0,0.0,,,,,,
1723534080,2024-08-13 09:28:00+0200,57.0,0.0,,,,,,
1723534020,2024-08-13 09:27:00+0200,57.0,0.0,,,,,,
1723533960,2024-08-13 09:26:00+0200,57.0,0.0,,,,,,
1723533900,2024-08-13 09:25:00+0200,57.0,0.0,4942.0,25.492,4.197,0.018,9.205,-79.0
1723533840,2024-08-13 09:24:00+0200,57.0,0.0,,,,,,
1723533780,2024-08-13 09:23:00+0200,57.0,0.0,,,,,,
1723533720,2024-08-13 09:22:00+0200,57.0,0.0,,,,,,
1723533660,2024-08-13 09:21:00+0200,57.0,0.0,,,,,,
1723533600,2024-08-13 09:20:00+0200,57.0,0.0,4942.0,25.492,4.198,0.018,9.205,-79.0
1723533540,2024-08-13 09:19:00+0200,57.0,0.0,,,,,,
1723533480,2024-08-13 09:18:00+0200,57.0,0.0,,,,,,
1723533420,2024-08-13 09:17:00+0200,57.0,0.0,,,,,,
1723533360,2024-08-13 09:16:00+0200,57.0,0.0,,,,,,
1723533300,2024-08-13 09:15:00+0200,57.0,0.0,4942.0,25.492,4.198,0.024,9.205,-79.0
1723533240,2024-08-13 09:14:00+0200,57.0,0.0,,,,,,
1723533180,2024-08-13 09:13:00+0200,57.0,0.0,,,,,,
1723533120,2024-08-13 09:12:00+0200,57.0,0.0,,,,,,
1723533060,2024-08-13 09:11:00+0200,57.0,0.0,,,,,,
1723533000,2024-08-13 09:10:00+0200,57.0,0.0,4942.0,25.492,4.198,0.018,9.205,-73.0
1723532940,2024-08-13 09:09:00+0200,57.0,0.0,,,,,,
1723532880,2024-08-13 09:08:00+0200,57.0,0.0,,,,,,
1723532820,2024-08-13 09:07:00+0200,57.0,0.0,,,,,,
1723532760,2024-08-13 09:06:00+0200,57.0,0.0,,,,,,
1723532700,2024-08-13 09:05:00+0200,57.0,0.0,4942.0,25.492,4.197,0.018,9.205,-73.0
1723532640,2024-08-13 09:04:00+0200,57.0,0.0,,,,,,
1723532580,2024-08-13 09:03:00+0200,57.0,0.0,,,,,,
1723532520,2024-08-13 09:02:00+0200,57.0,0.0,,,,,,
1723532460,2024-08-13 09:01:00+0200,57.0,0.0,,,,,,
1723532400,2024-08-13 09:00:00+0200,57.0,0.0,4942.0,25.492,4.198,0.023,9.205,-73.0
1723532340,2024-08-13 08:59:00+0200,57.0,0.0,,,,,,
1723532280,2024-08-13 08:58:00+0200,57.0,0.0,,,,,,
1723532220,2024-08-13 08:57:00+0200,57.0,0.0,,,,,,
1723532160,2024-08-13 08:56:00+0200,57.0,0.0,,,,,,
1723532100,2024-08-13 08:55:00+0200,57.0,0.0,4942.0,25.492,4.197,0.017,9.205,-75.0
1723532040,2024-08-13 08:54:00+0200,57.0,0.0,,,,,,
1723531980,2024-08-13 08:53:00+0200,57.0,0.0,,,,,,
1723531920,2024-08-13 08:52:00+0200,57.0,0.0,,,,,,
1723531860,2024-08-13 08:51:00+0200,57.0,0.0,,,,,,
1723531800,2024-08-13 08:50:00+0200,57.0,0.0,4942.0,25.492,4.198,0.018,9.205,-75.0
1723531740,2024-08-13 08:49:00+0200,57.0,0.0,,,,,,
1723531680,2024-08-13 08:48:00+0200,57.0,0.0,,,,,,
1723531620,2024-08-13 08:47:00+0200,57.0,0.0,,,,,,
1723531560,2024-08-13 08:46:00+0200,57.0,0.0,,,,,,
1723531500,2024-08-13 08:45:00+0200,57.0,0.0,4942.0,25.492,4.198,0.022,9.205,-75.0
1723531440,2024-08-13 08:44:00+0200,57.0,0.0,,,,,,
1723531380,2024-08-13 08:43:00+0200,57.0,0.0,,,,,,
1723531320,2024-08-13 08:42:00+0200,57.0,0.0,,,,,,
1723531260,2024-08-13 08:41:00+0200,57.0,0.0,,,,,,
1723531200,2024-08-13 08:40:00+0200,57.0,0.0,4942.0,25.492,4.197,0.018,9.205,-77.0
1723531140,2024-08-13 08:39:00+0200,57.0,0.0,,,,,,
1723531080,2024-08-13 08:38:00+0200,57.0,0.0,,,,,,
1723531020,2024-08-13 08:37:00+0200,57.0,0.0,,,,,,
1723530960,2024-08-13 08:36:00+0200,57.0,0.0,,,,,,
1723530900,2024-08-13 08:35:00+0200,57.0,0.0,4942.0,25.492,4.198,0.017,9.205,-77.0
1723530840,2024-08-13 08:34:00+0200,57.0,0.0,,,,,,
1723530780,2024-08-13 08:33:00+0200,57.0,0.0,,,,,,
1723530720,2024-08-13 08:32:00+0200,57.0,0.0,,,,,,
1723530660,2024-08-13 08:31:00+0200,57.0,0.0,,,,,,
1723530600,2024-08-13 08:30:00+0200,57.0,0.0,4942.0,25.492,4.198,0.023,9.205,-77.0
1723530540,2024-08-13 08:29:00+0200,57.0,0.0,,,,,,
1723530480,2024-08-13 08:28:00+0200,57.0,0.0,,,,,,
1723530420,2024-08-13 08:27:00+0200,57.0,0.0,,,,,,
1723530360,2024-08-13 08:26:00+0200,57.0,0.0,,,,,,
1723530300,2024-08-13 08:25:00+0200,57.0,0.0,4942.0,25.492,4.198,0.018,9.205,-79.0
1723530240,2024-08-13 08:24:00+0200,57.0,0.0,,,,,,
1723530180,2024-08-13 08:23:00+0200,57.0,0.0,,,,,,
1723530120,2024-08-13 08:22:00+0200,57.0,0.0,,,,,,
1723530060,2024-08-13 08:21:00+0200,57.0,0.0,,,,,,
1723530000,2024-08-13 08:20:00+0200,57.0,0.0,4942.0,25.492,4.197,0.017,9.202,-79.0
1723529940,2024-08-13 08:19:00+0200,57.0,0.0,,,,,,
1723529880,2024-08-13 08:18:00+0200,57.0,0.0,,,,,,
1723529820,2024-08-13 08:17:00+0200,57.0,0.0,,,,,,
1723529760,2024-08-13 08:16:00+0200,57.0,0.0,,,,,,
1723529700,2024-08-13 08:15:00+0200,57.0,0.0,4942.0,25.492,4.198,0.02,9.205,-79.0
1723529640,2024-08-13 08:14:00+0200,57.0,0.0,,,,,,
1723529580,2024-08-13 08:13:00+0200,57.0,0.0,,,,,,
1723529520,2024-08-13 08:12:00+0200,57.0,0.0,,,,,,
1723529460,2024-08-13 08:11:00+0200,57.0,0.0,,,,,,
1723529400,2024-08-13 08:10:00+0200,57.0,0.0,4942.0,25.492,4.198,0.017,9.205,-79.0
1723529340,2024-08-13 08:09:00+0200,57.0,0.0,,,,,,
1723529280,2024-08-13 08:08:00+0200,57.0,0.0,,,,,,
1723529220,2024-08-13 08:07:00+0200,57.0,0.0,,,,,,
1723529160,2024-08-13 08:06:00+0200,57.0,0.0,,,,,,
1723529100,2024-08-13 08:05:00+0200,57.0,0.0,4942.0,25.492,4.198,0.017,9.205,-79.0
1723529040,2024-08-13 08:04:00+0200,57.0,0.0,,,,,,
1723528980,2024-08-13 08:03:00+0200,57.0,0.0,,,,,,
1723528920,2024-08-13 08:02:00+0200,57.0,0.0,,,,,,
1723528860,2024-08-13 08:01:00+0200,57.0,0.0,,,,,,
1723528800,2024-08-13 08:00:00+0200,57.0,0.0,4942.0,25.082,4.198,0.021,9.205,-79.0
1723528740,2024-08-13 07:59:00+0200,57.0,0.0,,,,,,
1723528680,2024-08-13 07:58:00+0200,57.0,0.0,,,,,,
1723528620,2024-08-13 07:57:00+0200,57.0,0.0,,,,,,
1723528560,2024-08-13 07:56:00+0200,57.0,0.0,,,,,,
1723528500,2024-08-13 07:55:00+0200,57.0,0.0,4942.0,25.492,4.198,0.018,9.205,-77.0
1723528440,2024-08-13 07:54:00+0200,57.0,0.0,,,,,,
1723528380,2024-08-13 07:53:00+0200,57.0,0.0,,,,,,
1723528320,2024-08-13 07:52:00+0200,57.0,0.0,,,,,,
1723528260,2024-08-13 07:51:00+0200,57.0,0.0,,,,,,
1723528200,2024-08-13 07:50:00+0200,57.0,0.0,4942.0,25.492,4.198,0.018,9.205,-77.0
1723528140,2024-08-13 07:49:00+0200,57.0,0.0,,,,,,
1723528080,2024-08-13 07:48:00+0200,57.0,0.0,,,,,,
1723528020,2024-08-13 07:47:00+0200,57.0,0.0,,,,,,
1723527960,2024-08-13 07:46:00+0200,57.0,0.0,,,,,,
1723527900,2024-08-13 07:45:00+0200,57.0,0.0,4942.0,25.492,4.194,0.022,9.199,-77.0
1723527840,2024-08-13 07:44:00+0200,57.0,0.0,,,,,,
1723527780,2024-08-13 07:43:00+0200,57.0,0.0,,,,,,
1723527720,2024-08-13 07:42:00+0200,57.0,0.0,,,,,,
1723527660,2024-08-13 07:41:00+0200,57.0,0.0,,,,,,
1723527600,2024-08-13 07:40:00+0200,57.0,0.0,4942.0,25.492,4.198,0.018,9.202,-77.0
1723527540,2024-08-13 07:39:00+0200,57.0,0.0,,,,,,
1723527480,2024-08-13 07:38:00+0200,57.0,0.0,,,,,,
1723527420,2024-08-13 07:37:00+0200,57.0,0.0,,,,,,
1723527360,2024-08-13 07:36:00+0200,57.0,0.0,,,,,,
1723527300,2024-08-13 07:35:00+0200,57.0,0.0,4942.0,25.492,4.198,0.018,9.205,-77.0
1723527240,2024-08-13 07:34:00+0200,57.0,0.0,,,,,,
1723527180,2024-08-13 07:33:00+0200,57.0,0.0,,,,,,
1723527120,2024-08-13 07:32:00+0200,57.0,0.0,,,,,,
1723527060,2024-08-13 07:31:00+0200,57.0,0.0,,,,,,
1723527000,2024-08-13 07:30:00+0200,57.0,0.0,4942.0,25.492,4.198,0.022,9.205,-77.0
1723526940,2024-08-13 07:29:00+0200,57.0,0.0,,,,,,
1723526880,2024-08-13 07:28:00+0200,57.0,0.0,,,,,,
1723526820,2024-08-13 07:27:00+0200,57.0,0.0,,,,,,
1723526760,2024-08-13 07:26:00+0200,57.0,0.0,,,,,,
1723526700,2024-08-13 07:25:00+0200,57.0,0.0,4942.0,25.492,4.197,0.018,9.205,-75.0
1723526640,2024-08-13 07:24:00+0200,57.0,0.0,,,,,,
1723526580,2024-08-13 07:23:00+0200,57.0,0.0,,,,,,
1723526520,2024-08-13 07:22:00+0200,57.0,0.0,,,,,,
1723526460,2024-08-13 07:21:00+0200,57.0,0.0,,,,,,
1723526400,2024-08-13 07:20:00+0200,57.0,0.0,4942.0,25.492,4.197,0.018,9.207,-75.0
1723526340,2024-08-13 07:19:00+0200,57.0,0.0,,,,,,
1723526280,2024-08-13 07:18:00+0200,57.0,0.0,,,,,,
1723526220,2024-08-13 07:17:00+0200,57.0,0.0,,,,,,
1723526160,2024-08-13 07:16:00+0200,57.0,0.0,,,,,,
1723526100,2024-08-13 07:15:00+0200,57.0,0.0,4942.0,25.492,4.194,0.023,9.205,-75.0
1723526040,2024-08-13 07:14:00+0200,57.0,0.0,,,,,,
1723525980,2024-08-13 07:13:00+0200,57.0,0.0,,,,,,
1723525920,2024-08-13 07:12:00+0200,57.0,0.0,,,,,,
1723525860,2024-08-13 07:11:00+0200,57.0,0.0,,,,,,
1723525800,2024-08-13 07:10:00+0200,57.0,0.0,4942.0,25.492,4.198,0.018,9.202,-81.0
1723525740,2024-08-13 07:09:00+0200,57.0,0.0,,,,,,
1723525680,2024-08-13 07:08:00+0200,57.0,0.0,,,,,,
1723525620,2024-08-13 07:07:00+0200,57.0,0.0,,,,,,
1723525560,2024-08-13 07:06:00+0200,57.0,0.0,,,,,,
1723525500,2024-08-13 07:05:00+0200,57.0,0.0,4942.0,25.492,4.198,0.019,9.205,-81.0
1723525440,2024-08-13 07:04:00+0200,57.0,0.0,,,,,,
1723525380,2024-08-13 07:03:00+0200,57.0,0.0,,,,,,
1723525320,2024-08-13 07:02:00+0200,57.0,0.0,,,,,,
1723525260,2024-08-13 07:01:00+0200,57.0,0.0,,,,,,
1723525200,2024-08-13 07:00:00+0200,57.0,0.0,4942.0,25.492,4.198,0.026,9.207,-81.0
1723525140,2024-08-13 06:59:00+0200,57.0,0.0,,,,,,
1723525080,2024-08-13 06:58:00+0200,57.0,0.0,,,,,,
1723525020,2024-08-13 06:57:00+0200,57.0,0.0,,,,,,
1723524960,2024-08-13 06:56:00+0200,57.0,0.0,,,,,,
1723524900,2024-08-13 06:55:00+0200,57.0,0.0,4942.0,25.492,4.197,0.018,9.202,-81.0
1723524840,2024-08-13 06:54:00+0200,57.0,0.0,,,,,,
1723524780,2024-08-13 06:53:00+0200,57.0,0.0,,,,,,
1723524720,2024-08-13 06:52:00+0200,57.0,0.0,,,,,,
1723524660,2024-08-13 06:51:00+0200,57.0,0.0,,,,,,
1723524600,2024-08-13 06:50:00+0200,57.0,0.0,4942.0,25.492,4.198,0.019,9.205,-81.0
1723524540,2024-08-13 06:49:00+0200,57.0,0.0,,,,,,
1723524480,2024-08-13 06:48:00+0200,57.0,0.0,,,,,,
1723524420,2024-08-13 06:47:00+0200,57.0,0.0,,,,,,
1723524360,2024-08-13 06:46:00+0200,57.0,0.0,,,,,,
1723524300,2024-08-13 06:45:00+0200,57.0,0.0,4942.0,25.492,4.198,0.022,9.207,-81.0
1723524240,2024-08-13 06:44:00+0200,57.0,0.0,,,,,,
1723524180,2024-08-13 06:43:00+0200,57.0,0.0,,,,,,
1723524120,2024-08-13 06:42:00+0200,57.0,0.0,,,,,,
1723524060,2024-08-13 06:41:00+0200,57.0,0.0,,,,,,
1723524000,2024-08-13 06:40:00+0200,57.0,0.0,4942.0,25.492,4.197,0.018,9.207,-81.0
1723523940,2024-08-13 06:39:00+0200,57.0,0.0,,,,,,
1723523880,2024-08-13 06:38:00+0200,57.0,0.0,,,,,,
1723523820,2024-08-13 06:37:00+0200,57.0,0.0,,,,,,
1723523760,2024-08-13 06:36:00+0200,57.0,0.0,,,,,,
1723523700,2024-08-13 06:35:00+0200,57.0,0.0,4942.0,25.902,4.196,0.019,9.205,-81.0
1723523640,2024-08-13 06:34:00+0200,57.0,0.0,,,,,,
1723523580,2024-08-13 06:33:00+0200,57.0,0.0,,,,,,
1723523520,2024-08-13 06:32:00+0200,57.0,0.0,,,,,,
1723523460,2024-08-13 06:31:00+0200,57.0,0.0,,,,,,
1723523400,2024-08-13 06:30:00+0200,57.0,0.0,4942.0,25.492,4.198,0.022,9.205,-81.0
1723523340,2024-08-13 06:29:00+0200,57.0,0.0,,,,,,
1723523280,2024-08-13 06:28:00+0200,57.0,0.0,,,,,,
1723523220,2024-08-13 06:27:00+0200,57.0,0.0,,,,,,
1723523160,2024-08-13 06:26:00+0200,57.0,0.0,,,,,,
1723523100,2024-08-13 06:25:00+0200,57.0,0.0,4942.0,25.492,4.198,0.019,9.205,-81.0
1723523040,2024-08-13 06:24:00+0200,57.0,0.0,,,,,,
1723522980,2024-08-13 06:23:00+0200,57.0,0.0,,,,,,
1723522920,2024-08-13 06:22:00+0200,57.0,0.0,,,,,,
1723522860,2024-08-13 06:21:00+0200,57.0,0.0,,,,,,
1723522800,2024-08-13 06:20:00+0200,57.0,0.0,4942.0,25.492,4.198,0.018,9.207,-81.0
1723522740,2024-08-13 06:19:00+0200,57.0,0.0,,,,,,
1723522680,2024-08-13 06:18:00+0200,57.0,0.0,,,,,,
1723522620,2024-08-13 06:17:00+0200,57.0,0.0,,,,,,
1723522560,2024-08-13 06:16:00+0200,57.0,0.0,,,,,,
1723522500,2024-08-13 06:15:00+0200,57.0,0.0,4942.0,25.492,4.198,0.021,9.205,-81.0
1723522440,2024-08-13 06:14:00+0200,57.0,0.0,,,,,,
1723522380,2024-08-13 06:13:00+0200,57.0,0.0,,,,,,
1723522320,2024-08-13 06:12:00+0200,57.0,0.0,,,,,,
1723522260,2024-08-13 06:11:00+0200,57.0,0.0,,,,,,
1723522200,2024-08-13 06:10:00+0200,57.0,0.0,4942.0,25.492,4.198,0.018,9.205,-81.0
1723522140,2024-08-13 06:09:00+0200,57.0,0.0,,,,,,
1723522080,2024-08-13 06:08:00+0200,57.0,0.0,,,,,,
1723522020,2024-08-13 06:07:00+0200,57.0,0.0,,,,,,
1723521960,2024-08-13 06:06:00+0200,57.0,0.0,,,,,,
1723521900,2024-08-13 06:05:00+0200,57.0,0.0,4942.0,25.492,4.198,0.018,9.205,-81.0
1723521840,2024-08-13 06:04:00+0200,57.0,0.0,,,,,,
1723521780,2024-08-13 06:03:00+0200,57.0,0.0,,,,,,
1723521720,2024-08-13 06:02:00+0200,57.0,0.0,,,,,,
1723521660,2024-08-13 06:01:00+0200,57.0,0.0,,,,,,
1723521600,2024-08-13 06:00:00+0200,57.0,0.0,4942.0,25.492,4.198,0.022,9.205,-81.0
1723521540,2024-08-13 05:59:00+0200,57.0,0.0,,,,,,
1723521480,2024-08-13 05:58:00+0200,57.0,0.0,,,,,,
1723521420,2024-08-13 05:57:00+0200,57.0,0.0,,,,,,
1723521360,2024-08-13 05:56:00+0200,57.0,0.0,,,,,,
1723521300,2024-08-13 05:55:00+0200,57.0,0.0,4942.0,25.082,4.198,0.018,9.205,-81.0
1723521240,2024-08-13 05:54:00+0200,57.0,0.0,,,,,,
1723521180,2024-08-13 05:53:00+0200,57.0,0.0,,,,,,
1723521120,2024-08-13 05:52:00+0200,57.0,0.0,,,,,,
1723521060,2024-08-13 05:51:00+0200,57.0,0.0,,,,,,
1723521000,2024-08-13 05:50:00+0200,57.0,0.0,4942.0,25.492,4.198,0.017,9.205,-81.0
1723520940,2024-08-13 05:49:00+0200,57.0,0.0,,,,,,
1723520880,2024-08-13 05:48:00+0200,57.0,0.0,,,,,,
1723520820,2024-08-13 05:47:00+0200,57.0,0.0,,,,,,
1723520760,2024-08-13 05:46:00+0200,57.0,0.0,,,,,,
1723520700,2024-08-13 05:45:00+0200,57.0,0.0,4942.0,25.492,4.198,0.021,9.205,-81.0
1723520640,2024-08-13 05:44:00+0200,57.0,0.0,,,,,,
1723520580,2024-08-13 05:43:00+0200,57.0,0.0,,,,,,
1723520520,2024-08-13 05:42:00+0200,57.0,0.0,,,,,,
1723520460,2024-08-13 05:41:00+0200,57.0,0.0,,,,,,
1723520400,2024-08-13 05:40:00+0200,57.0,0.0,4942.0,25.492,4.198,0.017,9.205,-83.0
1723520340,2024-08-13 05:39:00+0200,57.0,0.0,,,,,,
1723520280,2024-08-13 05:38:00+0200,57.0,0.0,,,,,,
1723520220,2024-08-13 05:37:00+0200,57.0,0.0,,,,,,
1723520160,2024-08-13 05:36:00+0200,57.0,0.0,,,,,,
1723520100,2024-08-13 05:35:00+0200,57.0,0.0,,25.492,4.198,0.017,9.205,-83.0
1723519800,2024-08-13 05:30:00+0200,57.0,0.0,4942.0,25.492,4.198,0.022,9.205,-83.0
1723519740,2024-08-13 05:29:00+0200,57.0,0.0,,,,,,
1723519680,2024-08-13 05:28:00+0200,57.0,0.0,,,,,,
1723519620,2024-08-13 05:27:00+0200,57.0,0.0,,,,,,
1723519560,2024-08-13 05:26:00+0200,57.0,0.0,,,,,,
1723519500,2024-08-13 05:25:00+0200,57.0,0.0,4942.0,25.492,4.198,0.017,9.205,-83.0
1723519440,2024-08-13 05:24:00+0200,57.0,0.0,,,,,,
1723519380,2024-08-13 05:23:00+0200,57.0,0.0,,,,,,
1723519320,2024-08-13 05:22:00+0200,57.0,0.0,,,,,,
1723519260,2024-08-13 05:21:00+0200,57.0,0.0,,,,,,
1723519200,2024-08-13 05:20:00+0200,57.0,0.0,4942.0,25.492,4.198,0.018,9.205,-83.0
1723519140,2024-08-13 05:19:00+0200,57.0,0.0,,,,,,
1723519080,2024-08-13 05:18:00+0200,57.0,0.0,,,,,,
1723519020,2024-08-13 05:17:00+0200,57.0,0.0,,,,,,
1723518960,2024-08-13 05:16:00+0200,57.0,0.0,,,,,,
1723518900,2024-08-13 05:15:00+0200,57.0,0.0,4942.0,25.492,4.198,0.02,9.205,-83.0
1723518840,2024-08-13 05:14:00+0200,57.0,0.0,,,,,,
1723518780,2024-08-13 05:13:00+0200,57.0,0.0,,,,,,
1723518720,2024-08-13 05:12:00+0200,57.0,0.0,,,,,,
1723518660,2024-08-13 05:11:00+0200,57.0,0.0,,,,,,
1723518600,2024-08-13 05:10:00+0200,57.0,0.0,4942.0,25.492,4.197,0.018,9.205,-83.0
1723518540,2024-08-13 05:09:00+0200,57.0,0.0,,,,,,
1723518480,2024-08-13 05:08:00+0200,57.0,0.0,,,,,,
1723518420,2024-08-13 05:07:00+0200,57.0,0.0,,,,,,
1723518360,2024-08-13 05:06:00+0200,57.0,0.0,,,,,,
1723518300,2024-08-13 05:05:00+0200,57.0,0.0,4942.0,25.492,4.198,0.017,9.207,-83.0
1723518240,2024-08-13 05:04:00+0200,57.0,0.0,,,,,,
1723518180,2024-08-13 05:03:00+0200,57.0,0.0,,,,,,
1723518120,2024-08-13 05:02:00+0200,57.0,0.0,,,,,,
1723518060,2024-08-13 05:01:00+0200,57.0,0.0,,,,,,
1723518000,2024-08-13 05:00:00+0200,57.0,0.0,4942.0,25.492,4.198,0.022,9.205,-83.0
1723517940,2024-08-13 04:59:00+0200,57.0,0.0,,,,,,
1723517880,2024-08-13 04:58:00+0200,57.0,0.0,,,,,,
1723517820,2024-08-13 04:57:00+0200,57.0,0.0,,,,,,
1723517760,2024-08-13 04:56:00+0200,57.0,0.0,,,,,,
1723517700,2024-08-13 04:55:00+0200,57.0,0.0,4942.0,25.492,4.198,0.018,9.205,-79.0
1723517640,2024-08-13 04:54:00+0200,57.0,0.0,,,,,,
1723517580,2024-08-13 04:53:00+0200,57.0,0.0,,,,,,
1723517520,2024-08-13 04:52:00+0200,57.0,0.0,,,,,,
1723517460,2024-08-13 04:51:00+0200,57.0,0.0,,,,,,
1723517400,2024-08-13 04:50:00+0200,57.0,0.0,4942.0,25.492,4.198,0.018,9.205,-79.0
1723517340,2024-08-13 04:49:00+0200,57.0,0.0,,,,,,
1723517280,2024-08-13 04:48:00+0200,57.0,0.0,,,,,,
1723517220,2024-08-13 04:47:00+0200,57.0,0.0,,,,,,
1723517160,2024-08-13 04:46:00+0200,57.0,0.0,,,,,,
1723517100,2024-08-13 04:45:00+0200,57.0,0.0,4942.0,25.492,4.198,0.024,9.207,-79.0
1723517040,2024-08-13 04:44:00+0200,57.0,0.0,,,,,,
1723516980,2024-08-13 04:43:00+0200,57.0,0.0,,,,,,
1723516920,2024-08-13 04:42:00+0200,57.0,0.0,,,,,,
1723516860,2024-08-13 04:41:00+0200,57.0,0.0,,,,,,
1723516800,2024-08-13 04:40:00+0200,57.0,0.0,4942.0,25.082,4.198,0.018,9.205,-85.0
1723516740,2024-08-13 04:39:00+0200,57.0,0.0,,,,,,
1723516680,2024-08-13 04:38:00+0200,57.0,0.0,,,,,,
1723516620,2024-08-13 04:37:00+0200,57.0,0.0,,,,,,
1723516560,2024-08-13 04:36:00+0200,57.0,0.0,,,,,,
1723516500,2024-08-13 04:35:00+0200,57.0,0.0,4942.0,25.082,4.197,0.017,9.205,-85.0
1723516440,2024-08-13 04:34:00+0200,57.0,0.0,,,,,,
1723516380,2024-08-13 04:33:00+0200,57.0,0.0,,,,,,
1723516320,2024-08-13 04:32:00+0200,57.0,0.0,,,,,,
1723516260,2024-08-13 04:31:00+0200,57.0,0.0,,,,,,
1723516200,2024-08-13 04:30:00+0200,57.0,0.0,4942.0,25.492,4.198,0.02,9.205,-85.0
1723516140,2024-08-13 04:29:00+0200,57.0,0.0,,,,,,
1723516080,2024-08-13 04:28:00+0200,57.0,0.0,,,,,,
1723516020,2024-08-13 04:27:00+0200,57.0,0.0,,,,,,
1723515960,2024-08-13 04:26:00+0200,57.0,0.0,,,,,,
1723515900,2024-08-13 04:25:00+0200,57.0,0.0,4942.0,25.492,4.198,0.017,9.205,-79.0
1723515840,2024-08-13 04:24:00+0200,57.0,0.0,,,,,,
1723515780,2024-08-13 04:23:00+0200,57.0,0.0,,,,,,
1723515720,2024-08-13 04:22:00+0200,57.0,0.0,,,,,,
1723515660,2024-08-13 04:21:00+0200,57.0,0.0,,,,,,
1723515600,2024-08-13 04:20:00+0200,57.0,0.0,4942.0,25.492,4.198,0.018,9.202,-79.0
1723515540,2024-08-13 04:19:00+0200,57.0,0.0,,,,,,
1723515480,2024-08-13 04:18:00+0200,57.0,0.0,,,,,,
1723515420,2024-08-13 04:17:00+0200,57.0,0.0,,,,,,
1723515360,2024-08-13 04:16:00+0200,57.0,0.0,,,,,,
1723515300,2024-08-13 04:15:00+0200,57.0,0.0,4942.0,25.492,4.198,0.02,9.205,-79.0
1723515240,2024-08-13 04:14:00+0200,57.0,0.0,,,,,,
1723515180,2024-08-13 04:13:00+0200,57.0,0.0,,,,,,
1723515120,2024-08-13 04:12:00+0200,57.0,0.0,,,,,,
1723515060,2024-08-13 04:11:00+0200,57.0,0.0,,,,,,
1723515000,2024-08-13 04:10:00+0200,57.0,0.0,4942.0,25.492,4.197,0.018,9.205,-79.0
1723514940,2024-08-13 04:09:00+0200,57.0,0.0,,,,,,
1723514880,2024-08-13 04:08:00+0200,57.0,0.0,,,,,,
1723514820,2024-08-13 04:07:00+0200,57.0,0.0,,,,,,
1723514760,2024-08-13 04:06:00+0200,57.0,0.0,,,,,,
1723514700,2024-08-13 04:05:00+0200,57.0,0.0,4942.0,25.492,4.198,0.019,9.205,-79.0
1723514640,2024-08-13 04:04:00+0200,57.0,0.0,,,,,,
1723514580,2024-08-13 04:03:00+0200,57.0,0.0,,,,,,
1723514520,2024-08-13 04:02:00+0200,57.0,0.0,,,,,,
1723514460,2024-08-13 04:01:00+0200,57.0,0.0,,,,,,
1723514400,2024-08-13 04:00:00+0200,57.0,0.0,4942.0,25.492,4.198,0.022,9.205,-79.0
1723514340,2024-08-13 03:59:00+0200,57.0,0.0,,,,,,
1723514280,2024-08-13 03:58:00+0200,57.0,0.0,,,,,,
1723514220,2024-08-13 03:57:00+0200,57.0,0.0,,,,,,
1723514160,2024-08-13 03:56:00+0200,57.0,0.0,,,,,,
1723514100,2024-08-13 03:55:00+0200,57.0,0.0,4942.0,25.492,4.198,0.018,9.205,-79.0
1723514040,2024-08-13 03:54:00+0200,57.0,0.0,,,,,,
1723513980,2024-08-13 03:53:00+0200,57.0,0.0,,,,,,
1723513920,2024-08-13 03:52:00+0200,57.0,0.0,,,,,,
1723513860,2024-08-13 03:51:00+0200,57.0,0.0,,,,,,
1723513800,2024-08-13 03:50:00+0200,57.0,0.0,4942.0,25.492,4.198,0.018,9.205,-79.0
1723513740,2024-08-13 03:49:00+0200,57.0,0.0,,,,,,
1723513680,2024-08-13 03:48:00+0200,57.0,0.0,,,,,,
1723513620,2024-08-13 03:47:00+0200,57.0,0.0,,,,,,
1723513560,2024-08-13 03:46:00+0200,57.0,0.0,,,,,,
1723513500,2024-08-13 03:45:00+0200,57.0,0.0,4942.0,25.492,4.198,0.021,9.205,-79.0
1723513440,2024-08-13 03:44:00+0200,57.0,0.0,,,,,,
1723513380,2024-08-13 03:43:00+0200,57.0,0.0,,,,,,
1723513320,2024-08-13 03:42:00+0200,57.0,0.0,,,,,,
1723513260,2024-08-13 03:41:00+0200,57.0,0.0,,,,,,
1723513200,2024-08-13 03:40:00+0200,57.0,0.0,4942.0,25.492,4.197,0.018,9.207,-79.0
1723513140,2024-08-13 03:39:00+0200,57.0,0.0,,,,,,
1723513080,2024-08-13 03:38:00+0200,57.0,0.0,,,,,,
1723513020,2024-08-13 03:37:00+0200,57.0,0.0,,,,,,
1723512960,2024-08-13 03:36:00+0200,57.0,0.0,,,,,,
1723512900,2024-08-13 03:35:00+0200,57.0,0.0,4942.0,25.492,4.198,0.018,9.205,-79.0
1723512840,2024-08-13 03:34:00+0200,57.0,0.0,,,,,,
1723512780,2024-08-13 03:33:00+0200,57.0,0.0,,,,,,
1723512720,2024-08-13 03:32:00+0200,57.0,0.0,,,,,,
1723512660,2024-08-13 03:31:00+0200,57.0,0.0,,,,,,
1723512600,2024-08-13 03:30:00+0200,57.0,0.0,4942.0,25.492,4.198,0.021,9.205,-79.0
1723512540,2024-08-13 03:29:00+0200,57.0,0.0,,,,,,
1723512480,2024-08-13 03:28:00+0200,57.0,0.0,,,,,,
1723512420,2024-08-13 03:27:00+0200,57.0,0.0,,,,,,
1723512360,2024-08-13 03:26:00+0200,57.0,0.0,,,,,,
1723512300,2024-08-13 03:25:00+0200,57.0,0.0,4942.0,25.492,4.198,0.018,9.205,-79.0
1723512240,2024-08-13 03:24:00+0200,57.0,0.0,,,,,,
1723512180,2024-08-13 03:23:00+0200,57.0,0.0,,,,,,
1723512120,2024-08-13 03:22:00+0200,57.0,0.0,,,,,,
1723512060,2024-08-13 03:21:00+0200,57.0,0.0,,,,,,
1723512000,2024-08-13 03:20:00+0200,57.0,0.0,4942.0,25.492,4.197,0.019,9.205,-79.0
1723511940,2024-08-13 03:19:00+0200,57.0,0.0,,,,,,
1723511880,2024-08-13 03:18:00+0200,57.0,0.0,,,,,,
1723511820,2024-08-13 03:17:00+0200,57.0,0.0,,,,,,
1723511760,2024-08-13 03:16:00+0200,57.0,0.0,,,,,,
1723511700,2024-08-13 03:15:00+0200,57.0,0.0,4942.0,25.492,4.198,0.025,9.205,-79.0
1723511640,2024-08-13 03:14:00+0200,57.0,0.0,,,,,,
1723511580,2024-08-13 03:13:00+0200,57.0,0.0,,,,,,
1723511520,2024-08-13 03:12:00+0200,57.0,0.0,,,,,,
1723511460,2024-08-13 03:11:00+0200,57.0,0.0,,,,,,
1723511400,2024-08-13 03:10:00+0200,57.0,0.0,4942.0,25.492,4.197,0.018,9.202,-81.0
1723511340,2024-08-13 03:09:00+0200,57.0,0.0,,,,,,
1723511280,2024-08-13 03:08:00+0200,57.0,0.0,,,,,,
1723511220,2024-08-13 03:07:00+0200,57.0,0.0,,,,,,
1723511160,2024-08-13 03:06:00+0200,57.0,0.0,,,,,,
1723511100,2024-08-13 03:05:00+0200,57.0,0.0,4942.0,25.492,4.198,0.019,9.205,-81.0
1723511040,2024-08-13 03:04:00+0200,57.0,0.0,,,,,,
1723510980,2024-08-13 03:03:00+0200,57.0,0.0,,,,,,
1723510920,2024-08-13 03:02:00+0200,57.0,0.0,,,,,,
1723510860,2024-08-13 03:01:00+0200,57.0,0.0,,,,,,
1723510800,2024-08-13 03:00:00+0200,57.0,0.0,4942.0,25.492,4.198,0.022,9.205,-81.0
1723510740,2024-08-13 02:59:00+0200,57.0,0.0,,,,,,
1723510680,2024-08-13 02:58:00+0200,57.0,0.0,,,,,,
1723510620,2024-08-13 02:57:00+0200,57.0,0.0,,,,,,
1723510560,2024-08-13 02:56:00+0200,57.0,0.0,,,,,,
1723510500,2024-08-13 02:55:00+0200,57.0,0.0,4942.0,25.082,4.197,0.018,9.205,-83.0
1723510440,2024-08-13 02:54:00+0200,57.0,0.0,,,,,,
1723510380,2024-08-13 02:53:00+0200,57.0,0.0,,,,,,
1723510320,2024-08-13 02:52:00+0200,57.0,0.0,,,,,,
1723510260,2024-08-13 02:51:00+0200,57.0,0.0,,,,,,
1723510200,2024-08-13 02:50:00+0200,57.0,0.0,4942.0,25.492,4.198,0.018,9.205,-83.0
1723510140,2024-08-13 02:49:00+0200,57.0,0.0,,,,,,
1723510080,2024-08-13 02:48:00+0200,57.0,0.0,,,,,,
1723510020,2024-08-13 02:47:00+0200,57.0,0.0,,,,,,
1723509960,2024-08-13 02:46:00+0200,57.0,0.0,,,,,,
1723509900,2024-08-13 02:45:00+0200,57.0,0.0,4942.0,25.492,4.198,0.022,9.205,-83.0
1723509840,2024-08-13 02:44:00+0200,57.0,0.0,,,,,,
1723509780,2024-08-13 02:43:00+0200,57.0,0.0,,,,,,
1723509720,2024-08-13 02:42:00+0200,57.0,0.0,,,,,,
1723509660,2024-08-13 02:41:00+0200,57.0,0.0,,,,,,
1723509600,2024-08-13 02:40:00+0200,57.0,0.0,4942.0,25.082,4.198,0.017,9.205,-79.0
1723509540,2024-08-13 02:39:00+0200,57.0,0.0,,,,,,
1723509480,2024-08-13 02:38:00+0200,57.0,0.0,,,,,,
1723509420,2024-08-13 02:37:00+0200,57.0,0.0,,,,,,
1723509360,2024-08-13 02:36:00+0200,57.0,0.0,,,,,,
1723509300,2024-08-13 02:35:00+0200,57.0,0.0,,25.492,4.196,0.019,9.202,-79.0
1723509000,2024-08-13 02:30:00+0200,57.0,0.0,4942.0,25.492,4.198,0.021,9.205,-79.0
1723508940,2024-08-13 02:29:00+0200,57.0,0.0,,,,,,
1723508880,2024-08-13 02:28:00+0200,57.0,0.0,,,,,,
1723508820,2024-08-13 02:27:00+0200,57.0,0.0,,,,,,
1723508760,2024-08-13 02:26:00+0200,57.0,0.0,,,,,,
1723508700,2024-08-13 02:25:00+0200,57.0,0.0,4942.0,25.492,4.194,0.018,9.199,-81.0
1723508640,2024-08-13 02:24:00+0200,57.0,0.0,,,,,,
1723508580,2024-08-13 02:23:00+0200,57.0,0.0,,,,,,
1723508520,2024-08-13 02:22:00+0200,57.0,0.0,,,,,,
1723508460,2024-08-13 02:21:00+0200,57.0,0.0,,,,,,
1723508400,2024-08-13 02:20:00+0200,57.0,0.0,4942.0,25.492,4.198,0.019,9.205,-81.0
1723508340,2024-08-13 02:19:00+0200,57.0,0.0,,,,,,
1723508280,2024-08-13 02:18:00+0200,57.0,0.0,,,,,,
1723508220,2024-08-13 02:17:00+0200,57.0,0.0,,,,,,
1723508160,2024-08-13 02:16:00+0200,57.0,0.0,,,,,,
1723508100,2024-08-13 02:15:00+0200,57.0,0.0,4942.0,25.492,4.199,0.019,9.205,-81.0
1723508040,2024-08-13 02:14:00+0200,57.0,0.0,,,,,,
1723507980,2024-08-13 02:13:00+0200,57.0,0.0,,,,,,
1723507920,2024-08-13 02:12:00+0200,57.0,0.0,,,,,,
1723507860,2024-08-13 02:11:00+0200,57.0,0.0,,,,,,
1723507800,2024-08-13 02:10:00+0200,57.0,0.0,4942.0,25.492,4.2,0.018,9.213,-81.0
1723507740,2024-08-13 02:09:00+0200,57.0,0.0,,,,,,
1723507680,2024-08-13 02:08:00+0200,57.0,0.0,,,,,,
1723507620,2024-08-13 02:07:00+0200,57.0,0.0,,,,,,
1723507560,2024-08-13 02:06:00+0200,57.0,0.0,,,,,,
1723507500,2024-08-13 02:05:00+0200,57.0,0.0,4942.0,25.492,4.198,0.018,9.205,-81.0
1723507440,2024-08-13 02:04:00+0200,57.0,0.0,,,,,,
1723507380,2024-08-13 02:03:00+0200,57.0,0.0,,,,,,
1723507320,2024-08-13 02:02:00+0200,57.0,0.0,,,,,,
1723507260,2024-08-13 02:01:00+0200,57.0,0.0,,,,,,
1723507200,2024-08-13 02:00:00+0200,57.0,0.0,4942.0,25.492,4.197,0.022,9.205,-81.0
1723507140,2024-08-13 01:59:00+0200,57.0,0.0,,,,,,
1723507080,2024-08-13 01:58:00+0200,57.0,0.0,,,,,,
1723507020,2024-08-13 01:57:00+0200,57.0,0.0,,,,,,
1723506960,2024-08-13 01:56:00+0200,57.0,0.0,,,,,,
1723506900,2024-08-13 01:55:00+0200,57.0,0.0,4942.0,25.082,4.198,0.019,9.205,-79.0
1723506840,2024-08-13 01:54:00+0200,57.0,0.0,,,,,,
1723506780,2024-08-13 01:53:00+0200,57.0,0.0,,,,,,
1723506720,2024-08-13 01:52:00+0200,57.0,0.0,,,,,,
1723506660,2024-08-13 01:51:00+0200,57.0,0.0,,,,,,
1723506600,2024-08-13 01:50:00+0200,57.0,0.0,4942.0,25.082,4.198,0.019,9.202,-79.0
1723506540,2024-08-13 01:49:00+0200,57.0,0.0,,,,,,
1723506480,2024-08-13 01:48:00+0200,57.0,0.0,,,,,,
1723506420,2024-08-13 01:47:00+0200,57.0,0.0,,,,,,
1723506360,2024-08-13 01:46:00+0200,57.0,0.0,,,,,,
1723506300,2024-08-13 01:45:00+0200,57.0,0.0,4942.0,25.492,4.198,0.021,9.205,-79.0
1723506240,2024-08-13 01:44:00+0200,57.0,0.0,,,,,,
1723506180,2024-08-13 01:43:00+0200,57.0,0.0,,,,,,
1723506120,2024-08-13 01:42:00+0200,57.0,0.0,,,,,,
1723506060,2024-08-13 01:41:00+0200,57.0,0.0,,,,,,
1723506000,2024-08-13 01:40:00+0200,57.0,0.0,4942.0,25.082,4.198,0.02,9.202,-83.0
1723505940,2024-08-13 01:39:00+0200,57.0,0.0,,,,,,
1723505880,2024-08-13 01:38:00+0200,57.0,0.0,,,,,,
1723505820,2024-08-13 01:37:00+0200,57.0,0.0,,,,,,
1723505760,2024-08-13 01:36:00+0200,57.0,0.0,,,,,,
1723505700,2024-08-13 01:35:00+0200,57.0,0.0,4942.0,25.492,4.198,0.018,9.205,-83.0
1723505640,2024-08-13 01:34:00+0200,57.0,0.0,,,,,,
1723505580,2024-08-13 01:33:00+0200,57.0,0.0,,,,,,
1723505520,2024-08-13 01:32:00+0200,57.0,0.0,,,,,,
1723505460,2024-08-13 01:31:00+0200,57.0,0.0,,,,,,
1723505400,2024-08-13 01:30:00+0200,57.0,0.0,4942.0,25.492,4.197,0.021,9.205,-83.0
1723505340,2024-08-13 01:29:00+0200,57.0,0.0,,,,,,
1723505280,2024-08-13 01:28:00+0200,57.0,0.0,,,,,,
1723505220,2024-08-13 01:27:00+0200,57.0,0.0,,,,,,
1723505160,2024-08-13 01:26:00+0200,57.0,0.0,,,,,,
1723505100,2024-08-13 01:25:00+0200,57.0,0.0,4942.0,25.082,4.198,0.017,9.205,-81.0
1723505040,2024-08-13 01:24:00+0200,57.0,0.0,,,,,,
1723504980,2024-08-13 01:23:00+0200,57.0,0.0,,,,,,
1723504920,2024-08-13 01:22:00+0200,57.0,0.0,,,,,,
1723504860,2024-08-13 01:21:00+0200,57.0,0.0,,,,,,
1723504800,2024-08-13 01:20:00+0200,57.0,0.0,4942.0,25.492,4.198,0.017,9.207,-81.0
1723504740,2024-08-13 01:19:00+0200,57.0,0.0,,,,,,
1723504680,2024-08-13 01:18:00+0200,57.0,0.0,,,,,,
1723504620,2024-08-13 01:17:00+0200,57.0,0.0,,,,,,
1723504560,2024-08-13 01:16:00+0200,57.0,0.0,,,,,,
1723504500,2024-08-13 01:15:00+0200,57.0,0.0,4942.0,25.492,4.198,0.022,9.205,-81.0
1723504440,2024-08-13 01:14:00+0200,57.0,0.0,,,,,,
1723504380,2024-08-13 01:13:00+0200,57.0,0.0,,,,,,
1723504320,2024-08-13 01:12:00+0200,57.0,0.0,,,,,,
1723504260,2024-08-13 01:11:00+0200,57.0,0.0,,,,,,
1723504200,2024-08-13 01:10:00+0200,57.0,0.0,4942.0,25.082,4.198,0.018,9.205,-77.0
1723504140,2024-08-13 01:09:00+0200,57.0,0.0,,,,,,
1723504080,2024-08-13 01:08:00+0200,57.0,0.0,,,,,,
1723504020,2024-08-13 01:07:00+0200,57.0,0.0,,,,,,
1723503960,2024-08-13 01:06:00+0200,57.0,0.0,,,,,,
1723503900,2024-08-13 01:05:00+0200,57.0,0.0,4942.0,25.492,4.198,0.018,9.205,-77.0
1723503840,2024-08-13 01:04:00+0200,57.0,0.0,,,,,,
1723503780,2024-08-13 01:03:00+0200,57.0,0.0,,,,,,
1723503720,2024-08-13 01:02:00+0200,57.0,0.0,,,,,,
1723503660,2024-08-13 01:01:00+0200,57.0,0.0,,,,,,
1723503600,2024-08-13 01:00:00+0200,57.0,0.0,4942.0,25.492,4.197,0.026,9.205,-77.0
1723503540,2024-08-13 00:59:00+0200,57.0,0.0,,,,,,
1723503480,2024-08-13 00:58:00+0200,57.0,0.0,,,,,,
1723503420,2024-08-13 00:57:00+0200,57.0,0.0,,,,,,
1723503360,2024-08-13 00:56:00+0200,57.0,0.0,,,,,,
1723503300,2024-08-13 00:55:00+0200,57.0,0.0,4942.0,25.082,4.198,0.017,9.205,-77.0
1723503240,2024-08-13 00:54:00+0200,57.0,0.0,,,,,,
1723503180,2024-08-13 00:53:00+0200,57.0,0.0,,,,,,
1723503120,2024-08-13 00:52:00+0200,57.0,0.0,,,,,,
1723503060,2024-08-13 00:51:00+0200,57.0,0.0,,,,,,
1723503000,2024-08-13 00:50:00+0200,57.0,0.0,4942.0,25.082,4.198,0.018,9.202,-77.0
1723502940,2024-08-13 00:49:00+0200,57.0,0.0,,,,,,
1723502880,2024-08-13 00:48:00+0200,57.0,0.0,,,,,,
1723502820,2024-08-13 00:47:00+0200,57.0,0.0,,,,,,
1723502760,2024-08-13 00:46:00+0200,57.0,0.0,,,,,,
1723502700,2024-08-13 00:45:00+0200,57.0,0.0,4942.0,25.492,4.198,0.022,9.205,-77.0
1723502640,2024-08-13 00:44:00+0200,57.0,0.0,,,,,,
1723502580,2024-08-13 00:43:00+0200,57.0,0.0,,,,,,
1723502520,2024-08-13 00:42:00+0200,57.0,0.0,,,,,,
1723502460,2024-08-13 00:41:00+0200,57.0,0.0,,,,,,
1723502400,2024-08-13 00:40:00+0200,57.0,0.0,4942.0,25.492,4.198,0.019,9.207,-83.0
1723502340,2024-08-13 00:39:00+0200,57.0,0.0,,,,,,
1723502280,2024-08-13 00:38:00+0200,57.0,0.0,,,,,,
1723502220,2024-08-13 00:37:00+0200,57.0,0.0,,,,,,
1723502160,2024-08-13 00:36:00+0200,57.0,0.0,,,,,,
1723502100,2024-08-13 00:35:00+0200,57.0,0.0,,25.492,4.198,0.017,9.207,-83.0
1723501800,2024-08-13 00:30:00+0200,57.0,0.0,4942.0,25.082,4.197,0.022,9.207,-83.0
1723501740,2024-08-13 00:29:00+0200,57.0,0.0,,,,,,
1723501680,2024-08-13 00:28:00+0200,57.0,0.0,,,,,,
1723501620,2024-08-13 00:27:00+0200,57.0,0.0,,,,,,
1723501560,2024-08-13 00:26:00+0200,57.0,0.0,,,,,,
1723501500,2024-08-13 00:25:00+0200,57.0,0.0,4942.0,25.082,4.198,0.018,9.207,-79.0
1723501440,2024-08-13 00:24:00+0200,57.0,0.0,,,,,,
1723501380,2024-08-13 00:23:00+0200,57.0,0.0,,,,,,
1723501320,2024-08-13 00:22:00+0200,57.0,0.0,,,,,,
1723501260,2024-08-13 00:21:00+0200,57.0,0.0,,,,,,
1723501200,2024-08-13 00:20:00+0200,57.0,0.0,4942.0,25.082,4.198,0.018,9.205,-79.0
1723501140,2024-08-13 00:19:00+0200,57.0,0.0,,,,,,
1723501080,2024-08-13 00:18:00+0200,57.0,0.0,,,,,,
1723501020,2024-08-13 00:17:00+0200,57.0,0.0,,,,,,
1723500960,2024-08-13 00:16:00+0200,57.0,0.0,,,,,,
1723500900,2024-08-13 00:15:00+0200,57.0,0.0,4942.0,25.492,4.198,0.023,9.205,-79.0
1723500840,2024-08-13 00:14:00+0200,57.0,0.0,,,,,,
1723500780,2024-08-13 00:13:00+0200,57.0,0.0,,,,,,
1723500720,2024-08-13 00:12:00+0200,57.0,0.0,,,,,,
1723500660,2024-08-13 00:11:00+0200,57.0,0.0,,,,,,
1723500600,2024-08-13 00:10:00+0200,57.0,0.0,4942.0,25.082,4.198,0.018,9.205,-83.0
1723500540,2024-08-13 00:09:00+0200,57.0,0.0,,,,,,
1723500480,2024-08-13 00:08:00+0200,57.0,0.0,,,,,,
1723500420,2024-08-13 00:07:00+0200,57.0,0.0,,,,,,
1723500360,2024-08-13 00:06:00+0200,57.0,0.0,,,,,,
1723500300,2024-08-13 00:05:00+0200,57.0,0.0,4942.0,25.082,4.198,0.017,9.205,-83.0
1723500240,2024-08-13 00:04:00+0200,57.0,0.0,,,,,,
1723500180,2024-08-13 00:03:00+0200,57.0,0.0,,,,,,
1723500120,2024-08-13 00:02:00+0200,57.0,0.0,,,,,,
1723500060,2024-08-13 00:01:00+0200,57.0,0.0,,,,,,
1723500000,2024-08-13 00:00:00+0200,57.0,0.0,4942.0,25.492,4.194,0.021,9.199,-83.0
