,CH4 ground truth count,CO2 ground truth count,CH4 Flow (ln/min),CH4 Flow (ln/min) STD,CH4 Flow (ln/min) STUNC,CH4 Pressure outlet (bar(a)),CH4 Pressure outlet (bar(a)) STD,CH4 Pressure outlet (bar(a)) STUNC,CH4 Temperature (°C),CH4 Temperature (°C) STD,CH4 Temperature (°C) STUNC,CO2 Flow (ln/min),CO2 Flow (ln/min) STD,CO2 Flow (ln/min) STUNC,CO2 Pressure outlet (bar(a)),CO2 Pressure outlet (bar(a)) STD,CO2 Pressure outlet (bar(a)) STUNC,CO2 Temperature (°C),CO2 Temperature (°C) STD,CO2 Temperature (°C) STUNC,Total vol. flow (ln/min),Total vol. flow (ln/min) COMB-UNC,CH4 Vol. fraction,CH4 Vol. fraction COMB-UNC,CO2 Vol. fraction,CO2 Vol. fraction COMB-UNC
2024-08-08 10:40:00,512,512,0.5101393148632817,1.3873848647804566e-05,6.131432787511513e-07,0.9893878485322896,6.0617642109376486e-05,2.6789466121924577e-06,24.751272755381674,0.009266402423558919,0.0004095209994313731,1.1900922146484392,1.7765864723872155e-05,7.851477137433044e-07,0.9922274025440319,7.417352011903266e-05,3.2780374412903006e-06,26.286500876712402,0.01671189237998097,0.0007385682767715208,1.7002315295117207,9.961935618513352e-07,0.30004108617476677,1.3371214857705476e-06,0.6999589138252333,8.823552480435125e-07
2024-08-08 10:41:00,964,964,0.5101374339419092,1.7312148221235822e-05,5.575867496971206e-07,0.9896771034439831,0.00011117295013588949,3.5806396253281183e-06,24.806275080912744,0.023657779880584328,0.0007619657838005326,1.1900899171161816,1.8604786942575465e-05,5.99219839591782e-07,0.9925940037240654,0.00012567896442355935,4.047846886631502e-06,26.37448039730284,0.03521597305918912,0.0011342301200614907,1.700227351058091,8.185153630801321e-07,0.30004071727492143,1.194335646657258e-06,0.6999592827250785,6.96621117024545e-07
2024-08-08 10:42:00,966,966,0.5101398498136651,3.0195062739648527e-05,9.71510218904639e-07,0.9900955260455492,0.0001079182110707879,3.472211525611772e-06,24.899392546583762,0.03033173258315053,0.0009759074990402404,1.1900916688405776,1.9342181135788357e-05,6.223244770625588e-07,0.9929703922670805,0.0001173071643366244,3.77429614524732e-06,26.506530533126213,0.0405991512698041,0.001306256280291771,1.7002315186542427,1.1537416782743557e-06,0.3000414027246407,2.0216844979042234e-06,0.6999585972753593,8.566892874953756e-07
2024-08-08 10:43:00,963,963,0.5101408293769477,2.523093596672392e-05,8.130555483935546e-07,0.9904999281723785,0.00012157988498957588,3.917857038446605e-06,25.011282227414185,0.034220097854866974,0.0011027272418337715,1.1900921181723776,2.2926952880437997e-05,7.388107310716665e-07,0.9933786204465199,0.00010750582242370689,3.464326710728699e-06,26.649666518172257,0.042528492299866764,0.0013704615110126245,1.7002329475493254,1.0985902881057134e-06,0.3000417267011867,1.7197829914053e-06,0.6999582732988133,8.960426869832658e-07
2024-08-08 10:44:00,963,963,0.510137334911735,3.182885996515546e-05,1.0256706777680156e-06,0.9908654273520264,0.00012124052645395148,3.906921362471365e-06,25.131739119418402,0.035950420101571706,0.0011584860969570028,1.1900927688473517,1.6391093539560076e-05,5.281956073351122e-07,0.9937453660020761,9.059548014538947e-05,2.9193985466386645e-06,26.797435502595924,0.04268104429633025,0.0013753774303945584,1.7002301037590866,1.1536858059459727e-06,0.3000401732588183,2.121991510264773e-06,0.6999598267411817,8.108073014577777e-07
2024-08-08 10:45:00,963,963,0.5101407975804784,4.064118780521441e-05,1.309643973648614e-06,0.9912498372689516,0.00010613742549038567,3.4202307358307056e-06,25.254237177570033,0.035645423873117525,0.0011486577308547372,1.1900931996884732,1.6471292039218768e-05,5.307799678680047e-07,0.9940716444029072,9.194810415175196e-05,2.9629862460689897e-06,26.943130933540907,0.041537051029663825,0.0013385127625909258,1.7002339972689515,1.4131152507860397e-06,0.30004152275504803,2.698406669195582e-06,0.699958477244952,9.432346749755084e-07
2024-08-08 10:46:00,965,965,0.564969344694302,0.13546355143920277,0.004360726013675195,0.9936496589740946,0.004325998769260222,0.00013925882769068312,25.376660372020623,0.03569997898559655,0.0011492229857860937,1.381352774196892,0.37069032555997916,0.011932943795679373,0.9964614597927447,0.004421964961041035,0.0001423480887095023,27.084778888082827,0.04021487220972249,0.001294562541129496,1.946322118891194,0.012704765995373011,0.2902753553539026,0.010108648295384966,0.7097246446460974,0.010827489681480357
2024-08-08 10:47:00,966,966,0.9000950740890262,4.3491080206901885e-05,1.3993025686522644e-06,1.004970494927536,8.922525319908282e-05,2.870775464673593e-06,25.494947701863254,0.03197197368425134,0.0010286813914122017,2.1000596440993804,2.473428158152256e-05,7.958124651339496e-07,1.0080171774327116,9.896056737072125e-05,3.1840040637840967e-06,27.205576232919107,0.029051508928422835,0.000934716978133713,3.0001547181884067,1.6097717721153514e-06,0.30001621870772505,1.6446069238083918e-06,0.6999837812922749,6.56887368051661e-07
2024-08-08 10:48:00,966,965,0.900075920610766,3.453701173862421e-05,1.1112101380218378e-06,1.0053346085921318,0.00010650752338449151,3.4268233932956793e-06,25.597917364389158,0.027982858179055888,0.0009003337038745459,2.100062937512952,2.620725688258587e-05,8.436414490893631e-07,1.0082699715025902,8.983169963698054e-05,2.8917847295288886e-06,27.30512704870452,0.029119645774918955,0.0009373945647415502,3.000138858123718,1.3951770014819312e-06,0.30001142052927243,1.3192544446561453e-06,0.6999885794707276,6.14524536544964e-07
2024-08-08 10:49:00,965,966,0.9000744360103627,3.961075433860917e-05,1.2751152987687179e-06,1.0056410414507782,8.05397478090554e-05,2.5926662166643004e-06,25.69238574507763,0.02652951094839647,0.0008540151745148594,2.1000638967908913,2.4234203979920806e-05,7.797227320411452e-07,1.0085631862318836,8.081468628960463e-05,2.600169910057203e-06,27.40554228778457,0.02953507769763231,0.0009502755482509814,3.000138332801254,1.4946192036822437e-06,0.30001097821711303,1.5017197387134205e-06,0.699989021782887,6.21320738706056e-07
2024-08-08 10:50:00,964,964,0.9000744270643157,3.979693674963066e-05,1.2817730258864666e-06,1.0059561505186716,7.811167292594944e-05,2.5158075857252355e-06,25.782769498962544,0.026055183886419604,0.000839180967626467,2.10006434128631,2.5701769029809658e-05,8.277982415387772e-07,1.0088235959543579,8.5227583509592e-05,2.7449956334916934e-06,27.50479029668036,0.027922812901486297,0.0008993332479121504,3.0001387683506255,1.5258414133142541e-06,0.3000109316807189,1.5121680494605188e-06,0.6999890683192812,6.434594175993343e-07
2024-08-08 10:51:00,965,966,0.9000752047150257,3.154356097609175e-05,1.0154231559042503e-06,1.0062230464248718,9.937993955554775e-05,3.199153447943119e-06,25.871501744041325,0.024474369384722715,0.0007878578267760513,2.1000650030020713,2.6562437955669357e-05,8.546324323104754e-07,1.0090460614906835,5.8859142892369595e-05,1.8937618805083832e-06,27.600086466873563,0.026512477171364263,0.0008530249704245573,3.000140207717097,1.3272078887286148e-06,0.300011046950343,1.2117889762269627e-06,0.699988953049657,6.010942948497953e-07
2024-08-08 10:52:00,965,965,0.9000752243730572,3.461975079292792e-05,1.114449209885278e-06,1.0064984683937825,6.56874095536522e-05,2.1145525314247107e-06,25.947926568911818,0.021891971181089084,0.0007047274872521583,2.10007000341969,2.6527121068715876e-05,8.539382415658706e-07,1.009299933264249,8.359183722866332e-05,2.690916451408223e-06,27.685118917098347,0.023980983652668562,0.0007719751780953814,3.000145227792747,1.4039969949478279e-06,0.30001055150095396,1.323659794618153e-06,0.6999894484990461,6.199553971044675e-07
2024-08-08 10:53:00,965,965,0.974257322663213,0.1971517639067738,0.006346539835817541,1.010599099689119,0.00929869479666723,0.00029933557670863036,26.02570350051801,0.022473890432394436,0.0007234601307571127,2.3350675529533675,0.5232977833078685,0.01684555168032303,1.013442123212435,0.009518658173031571,0.00030641644833186035,27.766106605181232,0.02290029320969073,0.0007371865218306099,3.3093248756165803,0.018001421591142545,0.29439760654556263,0.008486727719416496,0.7056023934544374,0.009035121273121938
2024-08-08 10:54:00,965,965,1.5000599335751281,6.613393389017381e-05,2.128926658408106e-06,1.0386353737823841,0.00012695401504641705,4.08679434483813e-06,26.0883524041449,0.011910605601696078,0.0003834159604862583,3.500156150880823,6.601444746114973e-05,2.1250802541628996e-06,1.0420754874611389,0.00012462362947335728,4.01177657893454e-06,27.81793626424856,0.005658056338595653,0.0001821392780598068,5.000216084455952,3.008038364701115e-06,0.2999990216899481,1.5414628987540934e-06,0.7000009783100518,8.547034056897569e-07
2024-08-08 10:55:00,964,964,1.5000554521784224,7.976357305256874e-05,2.569011706360945e-06,1.0388725740663909,5.69185898350062e-05,1.8332243403805108e-06,26.122961673236375,0.010843853778263208,0.00034925701334949654,3.500326482572611,7.251160044135568e-05,2.3354413957614335e-06,1.0422550547717824,5.9076771672509165e-05,1.9027346969607836e-06,27.83398185062226,0.008615400714833157,0.00027748337297791166,5.000381934751033,3.47190259950588e-06,0.2999881752538788,1.8480063945519839e-06,0.7000118247461213,9.629410557627833e-07
2024-08-08 10:56:00,965,965,1.5000530310880853,8.576939715865937e-05,2.76101458579334e-06,1.0390807854922284,9.63440103847893e-05,3.101423430016168e-06,26.158749086010232,0.009984247673493802,0.00032140430465770685,3.500390306943002,5.0166343045575745e-05,1.614911722050769e-06,1.0424158336787577,6.187742027992624e-05,1.9919046371295657e-06,27.86657135233145,0.010832860435640254,0.0003487221160402738,5.000443338031087,3.19861554629195e-06,0.2999840073537815,1.948595164323203e-06,0.7000159926462185,7.886816017775784e-07
2024-08-08 10:57:00,964,964,1.500046552178424,9.746912691398858e-05,3.1392691985574654e-06,1.0393120418049795,5.4700675589305705e-05,1.7617901324726721e-06,26.197088081950117,0.01259790363811816,0.0004057511553626474,3.5003355676348575,6.716426779423997e-05,2.1632154078509797e-06,1.042598226659751,7.217909640098665e-05,2.3247321617159957e-06,27.90444993879651,0.012359704101894452,0.0003980792648794421,5.000382119813281,3.812415507493315e-06,0.29998638428745467,2.2273357871831444e-06,0.7000136157125454,9.814369372947326e-07
2024-08-08 10:58:00,965,965,1.500049905699483,0.00010349823769548611,3.3317261558051263e-06,1.039596390466322,0.00014992179597715294,4.826153373277629e-06,26.237617294300446,0.011907805520572929,0.0003833258226856146,3.500265763523313,9.428480039265972e-05,3.035135114931431e-06,1.0428578763730563,0.00013050419065029228,4.2010785411732744e-06,27.94532299378223,0.012234827095297586,0.0003938530196532422,5.000315669222796,4.506932919754391e-06,0.2999910415521101,2.3969934652929705e-06,0.7000089584478899,1.250713671589232e-06
2024-08-08 10:59:00,963,963,1.5000416543094492,8.94860758144744e-05,2.8836484917119685e-06,1.0399015173416404,8.266435628991323e-05,2.6638216522976846e-06,26.276001863966634,0.012901617488046966,0.0004157488131134886,3.500154044859812,9.330666884634845e-05,3.006765381502177e-06,1.0430947725856694,6.053470539653154e-05,1.9507036186818827e-06,27.98477971028027,0.011789805581909289,0.00037992117515953176,5.000195699169261,4.166061291334135e-06,0.2999965890452384,2.0951680435346727e-06,0.7000034109547617,1.1967182776095828e-06
2024-08-08 11:00:00,965,965,1.8006561596891186,0.2996270384940827,0.009645335644016503,1.061267202487047,0.020698391871972085,0.0006663048098060634,26.325876696372962,0.015123537996966344,0.00048684391381673733,4.203602181968914,0.6624079157794798,0.02132366529088354,1.0650966037305696,0.02140270127986055,0.0006889773318536921,28.028148352331467,0.012260001718734434,0.0003946634194555448,6.004258341658033,0.023403657857765884,0.2998965163101027,0.006624650459404299,0.7001034836898972,0.0063973114680055294
2024-08-08 11:01:00,964,964,1.5270447372501028,0.902735068297306,0.02907513880640581,1.1050788252074686,0.17109935023225734,0.005510739011249255,26.36725794398325,0.012086673162197078,0.0003892855304285166,1.8575029485913168,2.1391774326429394,0.06889826591420332,1.1079552593879658,0.1708214438257504,0.005501788248585721,28.074352389004012,0.026849911361909548,0.0008647774161024496,3.3845476858414196,0.0747819145421942,0.4511813332216266,0.02916710716778919,0.5488186667783733,0.04317407229729139
2024-08-08 11:02:00,963,963,0.0037165690332294937,6.052839241856087e-05,1.9505001858099235e-06,1.2502384814122538,0.08565841056988241,0.002760303703052003,26.433248121495193,0.024557617862484515,0.0007913581757234452,0.0,0.0,0.0,1.25216785628245,0.08561514022969004,0.0027589093358267565,28.19880814122521,0.035679332285158544,0.0011497504141615921,0.0037165690332294937,1.9505001858099235e-06,1.0,0.0007421963083480566,0.0,0.0
2024-08-08 11:03:00,314,314,0.003662574349363055,3.074103263345377e-05,1.7348168347771866e-06,1.1677940493630576,0.004243878081370426,0.00023949589553772123,26.483604388535003,0.0070580779766133295,0.00039831038342134033,0.0,0.0,0.0,1.1698358789808907,0.004257050616815055,0.00024023926471853307,28.267123570063706,0.006974680860233232,0.00039360401186924683,0.003662574349363055,1.7348168347771866e-06,1.0,0.0006698571174129815,0.0,0.0
2024-08-08 11:21:00,801,801,2.100029805742821,7.318410323955606e-05,2.5858331428032003e-06,1.0871692047500003,6.134289152267502e-05,2.167444498916521e-06,25.74297541749995,0.006939083834070867,0.0002451804717767174,4.90004782284644,9.310440021764632e-05,3.2896822283322927e-06,1.0910045411249991,5.166357156660863e-05,1.8254425444720668e-06,27.290176479999936,0.008186600674294019,0.0002892593119736766,7.000077628589261,4.1843209969868224e-06,0.30000093101339564,1.3687537646457107e-06,0.6999990689866044,8.989047277570979e-07
2024-08-08 11:22:00,963,963,2.100022996884739,0.0001879477902540627,6.0565328958034454e-06,1.0873741923156799,5.073434933892831e-05,1.6348915584643912e-06,25.73252274454817,0.00343730744857164,0.00011076568448675517,4.900035193665632,0.00010017933540696204,3.2282339662084807e-06,1.0911279098650062,4.442798438542261e-05,1.4316717880046338e-06,27.276154560747557,0.00389376581254001,0.00012547484969269884,7.000058190550371,6.863168747636285e-06,0.3000007913819395,3.046130385336976e-06,0.6999992086180604,1.1812338139018395e-06
2024-08-08 11:23:00,961,961,2.1000333440166505,0.00015636249626301723,5.043951492355395e-06,1.0875369293444332,7.655725140164011e-05,2.4695887548916166e-06,25.74326786992705,0.00680057543097925,0.00021937340099933064,4.900030914880332,0.00010134650286482166,3.269242027897473e-06,1.0912481042663873,6.0502769155875646e-05,1.951702230834698e-06,27.289724944848995,0.006897674162510339,0.0002225056181454948,7.000064258896982,6.010772836682933e-06,0.30000200945977573,2.550720149200848e-06,0.6999979905402243,1.0874101512265557e-06
2024-08-08 11:24:00,963,962,2.1000282712357206,0.00020205012164352173,6.510974173630249e-06,1.0877408949117342,6.960027215956725e-05,2.242837424805423e-06,25.76898435721695,0.01091066468107531,0.0003515912555645757,4.900031419438675,0.00010174698509826075,3.2804544612815924e-06,1.0914104747401236,6.384772757530082e-05,2.0585333566868274e-06,27.32126664968805,0.011679744500066314,0.00037657007639950826,7.000059690674396,7.290690376241636e-06,0.3000014805635751,3.270684626602823e-06,0.6999985194364248,1.2381271325270605e-06
2024-08-08 11:25:00,962,963,2.100026417047817,0.0001929556874946716,6.2211410516022484e-06,1.0879408891891893,6.919722065274225e-05,2.2310079358062013e-06,25.80571802806639,0.011772155002679818,0.00037954951058397063,4.900022597196262,0.00010140403071552066,3.2676992209667024e-06,1.0915938715472484,5.710587533985898e-05,1.840211114331154e-06,27.36450131152635,0.013270183972569677,0.0004276257020877349,7.0000490142440785,7.027122752779912e-06,0.3000016732417972,3.127879205862439e-06,0.6999983267582028,1.2051853021829877e-06
2024-08-08 11:26:00,963,963,1.6864720844236798,0.5879699011918113,0.01894706526475658,1.0570255947144325,0.04093706981679176,0.001319178638216749,25.84403139460008,0.011323946242965365,0.00036490906776887234,3.3361203975908627,1.971615287937013,0.06353441470696611,1.0599255428245062,0.04188818718762862,0.0013498279671418547,27.41239200519194,0.018165113421111486,0.0005853625990613861,5.0225924820145424,0.06629942031649821,0.3357772087747088,0.017333942230020955,0.6642227912252913,0.023171869054326975
2024-08-08 11:27:00,964,964,0.8501061772302909,2.4184006513254296e-05,7.789144024216803e-07,0.997825860529046,4.847266196180892e-05,1.5611993200993356e-06,25.925388102696985,0.03725789568280994,0.0011999960194916466,0.8501492885477178,1.837508682291397e-05,5.918216968835312e-07,0.9994216169709536,5.7973570873177786e-05,1.8672029917037836e-06,27.560038630705286,0.05966944109989606,0.0019218232939066063,1.7002554657780087,9.782436134225593e-07,0.4999873221059145,1.0819208578283255e-06,0.5000126778940855,9.031265767274421e-07
2024-08-08 11:28:00,965,965,0.8500930842487042,4.090773824244718e-05,1.3168666878966102e-06,0.9979996886735746,6.225468987567886e-05,2.004049375126528e-06,26.06173811709832,0.04014224553082473,0.001292224605614064,0.8501462240518131,1.9263470564579447e-05,6.201130585471853e-07,0.9996105778652867,4.6238703850996645e-05,1.4884765428002215e-06,27.7468838020724,0.04841222390108677,0.0015584446288497483,1.7002393083005174,1.4555679575590187e-06,0.49998437284597247,1.7699054969281023e-06,0.5000156271540275,1.1247011841210855e-06
2024-08-08 11:29:00,964,964,0.8500888156846468,4.278582429485445e-05,1.3780386117776075e-06,0.9982004268775945,5.21403883063084e-05,1.6793288315310473e-06,26.194130016597395,0.03715777572339336,0.001196771372726988,0.8501466346887958,2.4476247413398933e-05,7.883268480383559e-07,0.9997790770746874,4.819931432825664e-05,1.5523953856261512e-06,27.897738005186586,0.03990390717140507,0.0012852183111872106,1.7002354503734427,1.5875924019999733e-06,0.49998299676549607,1.8707478784740763e-06,0.5000170032345038,1.3159562475103337e-06
2024-08-08 11:30:00,962,962,0.8500918833991679,4.3108379080112056e-05,1.389869924257726e-06,0.9983683239708936,4.908204780872506e-05,1.582468734061004e-06,26.315143330561227,0.032229640603143365,0.0010391253185534565,0.8501449564137215,2.1301145297272113e-05,6.867764882994866e-07,0.9999170221205822,3.082630158789204e-05,9.938798527656904e-07,28.02706994906433,0.034607850936842474,0.0011158018971421481,1.7002368398128893,1.550290408677404e-06,0.49998439246424065,1.8720318308216864e-06,0.5000156075357594,1.2181918754542963e-06
2024-08-08 11:31:00,965,965,0.8500879452538846,4.521059509657369e-05,1.4553805509805214e-06,0.9985356371502594,5.5496142657470084e-05,1.786484042193983e-06,26.419811295336658,0.028908844849563357,0.000930608642852314,0.8501444054922287,1.844328556012514e-05,5.937103690639156e-07,1.0000244574715031,4.184215340152257e-05,1.3469465761651623e-06,28.138222912953175,0.030013562616565015,0.00096617076604451,1.7002323507461132,1.5718220479769256e-06,0.499983396316886,1.945692303319657e-06,0.5000166036831141,1.1586052929899417e-06
2024-08-08 11:32:00,963,963,0.8500885689096571,2.8213414588442575e-05,9.091645787740228e-07,0.9987091316095532,6.872592683204982e-05,2.2146620404008335e-06,26.516987021806703,0.027315981267940836,0.0008802451941935413,0.8501443909657325,2.1001090517221466e-05,6.767506837582953e-07,1.000177066251299,3.541520858521891e-05,1.1412391468831457e-06,28.237160043613542,0.02750811722817181,0.0008864366889806449,1.7002329598753896,1.133389482598399e-06,0.49998358399778364,1.2602317209552798e-06,0.5000164160022164,1.0382916899322897e-06
2024-08-08 11:33:00,965,965,0.8500897822072537,5.1710027555505246e-05,1.664604684680486e-06,0.9989141964766841,4.70618483591099e-05,1.5149745020771443e-06,26.605969021761535,0.02569584705572772,0.0008271785842675267,0.85014445296373,2.351548928760371e-05,7.569903842863355e-07,1.0002708347150253,3.54243584738651e-05,1.1403504475819758e-06,28.32826985181337,0.02516287776303073,0.0008100216956841286,1.7002342351709836,1.8286451810458457e-06,0.49998392258097585,2.2340798442279553e-06,0.5000160774190242,1.396285332440764e-06
2024-08-08 11:34:00,965,965,1.3440849656787601,0.277441591475791,0.008931160835296112,1.0075093179896377,0.0046944186127380536,0.0001511186820820614,26.6860710227978,0.019365649676465674,0.0006234023205407075,1.3707292043419697,0.25935924668011956,0.008349069560551125,1.0089837493264244,0.004742846926742464,0.00015267764466966375,28.407759802072356,0.018004028219767067,0.0005795701749641255,2.7148141700207296,0.012225898592449085,0.49509280617483187,0.008027069554287506,0.5049071938251682,0.0075749939858439684
2024-08-08 11:35:00,963,964,1.5000536743509858,5.850977135080021e-05,1.885451031017905e-06,1.0105749067497414,6.24355923111313e-05,2.0119588434116502e-06,26.734385479750703,0.012191053839842573,0.00039285121956320214,1.5000783260373431,2.4118950991901603e-05,7.768191051635154e-07,1.0119898461618253,2.4632380730990386e-05,7.933555635947799e-07,28.450138501037223,0.010076898587011607,0.0003245550499196348,3.000132000388329,2.0392090409061856e-06,0.4999958915663787,1.4289348158062512e-06,0.5000041084336212,8.545009734991769e-07
2024-08-08 11:36:00,964,964,1.5000432474066367,6.311347478466062e-05,2.0327481498860444e-06,1.0107105567427386,4.579536525556913e-05,1.4749693993910617e-06,26.77450474792513,0.012743362049382579,0.000410436055336733,1.500077435269709,2.157138505035596e-05,6.947675310415306e-07,1.0120947289419087,5.3572112118176676e-05,1.7254415505605878e-06,28.487745471991595,0.012306630451670436,0.0003963698777054881,3.0001206826763456,2.148200866551981e-06,0.4999943022520278,1.53267024923453e-06,0.5000056977479722,8.527735180561154e-07
2024-08-08 11:37:00,964,963,1.500039394813279,0.0001016021580444037,3.272385168046356e-06,1.0108803107883813,5.60534860637344e-05,1.805361224041057e-06,26.815369593360895,0.01028781346418833,0.00033134816070662994,1.5000777520249224,1.9817944354866946e-05,6.386243315242133e-07,1.0122354364485986,3.904951266468442e-05,1.2583529590800398e-06,28.528901255451554,0.012022787569569494,0.00038742891478491534,3.0001171468382015,3.334118432939137e-06,0.49999360738101783,2.448292977561984e-06,0.5000063926189822,1.1900827539136248e-06
2024-08-08 11:38:00,964,964,1.5000504680497924,0.00010401525527109202,3.350105796482394e-06,1.0110395551867215,3.930073737898225e-05,1.265791520255512e-06,26.85462339626544,0.012440879752001699,0.000400693756525391,1.50007654626556,2.131419499202629e-05,6.864839970256569e-07,1.0123591601659758,3.5866876141171005e-05,1.1551942967316582e-06,28.566489644190767,0.011553757495497,0.000372121472527633,3.0001270143153524,3.4197176967985614e-06,0.4999956538147146,2.5073955858730956e-06,0.5000043461852853,1.2282927484156038e-06
2024-08-08 11:39:00,963,963,1.500042134890966,7.255124898566399e-05,2.3379313240092854e-06,1.0111838930425756,3.6438379668618456e-05,1.1742103742451032e-06,26.894613917964584,0.012149962153826528,0.00039152705848759825,1.5000767335410201,2.0797895069432567e-05,6.702028019654452e-07,1.0124209110072693,3.0987795587742e-05,9.98567756991947e-07,28.605567668743394,0.011824012598375275,0.00038102348085950025,3.0001188684319864,2.4320967644290274e-06,0.49999423378679786,1.7567991477535741e-06,0.500005766213202,9.256306756684482e-07
2024-08-08 11:40:00,964,964,1.5000471488589202,7.02134762113876e-05,2.261423798210121e-06,1.0113026373443985,4.443735431558182e-05,1.4312308121051794e-06,26.932202165974918,0.011386148361419246,0.00036672314580955844,1.5000784551867195,2.1162647693279206e-05,6.81602987190603e-07,1.0125380245850624,4.290645706021601e-05,1.3819239315360426e-06,28.645616339211458,0.011585438992461887,0.00037314186483784447,3.00012560404564,2.361910291958237e-06,0.4999947824971466,1.700752042391513e-06,0.5000052175028533,9.089853485369949e-07
2024-08-08 11:41:00,966,966,1.8981261194616956,0.48940712225800853,0.015746416047483322,1.0216734795031053,0.012412007393729843,0.0003993497918550388,26.970324530020566,0.01148381976244853,0.00036948584434064516,1.9384815927536214,0.4960413685888269,0.01595986942430501,1.0230457112836435,0.01261654082946106,0.00040593054727965447,28.683905051759613,0.011210329528531078,0.00036068644030190006,3.836607712215317,0.022420237518396325,0.49474073500355037,0.010147383199026852,0.5052592649964497,0.010096279836123474
2024-08-08 11:42:00,964,964,2.500055199896263,0.0002467501756636017,7.947288035963902e-06,1.038254386514522,4.592476470463929e-05,1.4791370750196197e-06,26.978566551867065,0.0058673882364243665,0.00018897585060795202,2.500042048029048,6.876752963531854e-05,2.2148529947902975e-06,1.0398499267634864,3.267933236406907e-05,1.052530424433511e-06,28.683951071576562,0.009004329635509059,0.0002900099300505269,5.000097247925311,8.250149145021958e-06,0.5000013151611421,3.581556676890477e-06,0.49999868483885784,1.872794152378351e-06
2024-08-08 11:43:00,966,966,2.5000096460662498,0.0002714317466666335,8.733173297087148e-06,1.0383986069358166,3.1005240465130323e-05,9.975772599378395e-07,26.963039457556764,0.0055866105667587845,0.00017974624863157252,2.50004270269151,8.116791507945461e-05,2.611534860079313e-06,1.0399102655279509,3.388803359313491e-05,1.090329608458945e-06,28.663886856107446,0.004619474539460362,0.00014862915701654148,5.00005234875776,9.115285522810873e-06,0.4999966943720831,3.940343129805672e-06,0.500003305627917,2.1011065249111093e-06
2024-08-08 11:44:00,964,964,2.500044131639002,0.00025312370812462264,8.152565694381274e-06,1.0384975001037358,4.645171735985409e-05,1.496109077252426e-06,26.953363987551747,0.004032615519381537,0.00012988180042682225,2.500048300414942,7.178768887470231e-05,2.312125774132035e-06,1.0399855420124473,3.718867876298794e-05,1.1977666926135266e-06,28.654607363070358,0.003961741373593402,0.00012759909789432597,5.000092432053943,8.474093048616359e-06,0.49999958313011245,3.6750810696954547e-06,0.5000004168698876,1.930704267098065e-06
2024-08-08 11:45:00,964,964,2.5000101763485496,0.0002096297740814974,6.7517204032752845e-06,1.0386294453319493,5.35957057705603e-05,1.7262014509367831e-06,26.94783687655589,0.0030195637135268993,9.725359874539262e-05,2.5000444116182585,7.300664267900969e-05,2.35138563264809e-06,1.0401073731327797,3.1277139810144147e-05,1.0073688431784788e-06,28.650018775933457,0.003759596116760808,0.00012108843756011531,5.000054587966808,7.1494575177021385e-06,0.49999657651040535,3.055847220479421e-06,0.5000034234895946,1.711477707041023e-06
2024-08-08 11:46:00,965,965,2.500043240518138,0.00019068075948860627,6.13823083312928e-06,1.0387712530569955,5.408993321294952e-05,1.7412165585037393e-06,26.948190474611245,0.00323607509385926,0.00010417294315756885,2.5000435304663204,9.165065598804893e-05,2.950339006259213e-06,1.0402194354404142,4.441794509439505e-05,1.429864244582845e-06,28.650486671502463,0.003557429731632521,0.00011451771497009558,5.000086770984458,6.810460925123467e-06,0.499999971005685,2.8077540198529497e-06,0.5000000289943151,1.8021937378731395e-06
2024-08-08 11:47:00,964,964,2.5000153150414914,0.00022426186946849217,7.22298846335837e-06,1.0389012094398333,4.6066128864427215e-05,1.4836901080327685e-06,26.954279730290324,0.004040060303555233,0.00013012158077970276,2.500043899688797,9.139508719028017e-05,2.9436375517050334e-06,1.0403135370331948,3.5928977303674544e-05,1.1571944404983506e-06,28.65625726763469,0.004237692543152896,0.00013648688661606635,5.000059214730289,7.7997797646867e-06,0.4999971415691216,3.283405646549241e-06,0.5000028584308783,1.954419753884509e-06
2024-08-08 11:48:00,962,963,2.500026802598752,0.00026485077317914377,8.539131647098337e-06,1.0390509014553007,5.124987244432541e-05,1.6523622055015929e-06,26.96221991164234,0.0040662149815598745,0.00013110003273223428,2.5000447748701955,8.08667211031484e-05,2.605893667996419e-06,1.0404245419522333,3.48461618393969e-05,1.1229018717778515e-06,28.66412161578388,0.0033925146546101253,0.0001093222568744585,5.0000715774689475,8.92790295060269e-06,0.4999982027985835,3.854171726009665e-06,0.5000017972014166,2.0675291856418917e-06
2024-08-08 11:49:00,967,966,2.5637784004136495,0.2438573778411079,0.007841924605453842,1.0412662390899683,0.007135605175951266,0.0002294655929604734,26.97082544674238,0.003686257520334464,0.00011854205030280239,2.6028810437888197,0.30328028345106434,0.009757883171347704,1.0426507801242233,0.00724803860000261,0.00023320181937134046,28.669585293995706,0.0030405675820884734,9.782865837169993e-05,5.16665944420247,0.012518468976008732,0.49621586793193345,0.003902111928757499,0.5037841320680665,0.004463707992157453
2024-08-08 11:50:00,964,964,3.500049274585061,0.0001973301157104117,6.355575081165219e-06,1.078458026037344,0.0005375546126438951,1.7313468289344844e-05,26.95817140663886,0.013737388724363865,0.000442451498812152,3.5000384061203276,7.999222894428392e-05,2.576376216751641e-06,1.080275368879668,0.0005312382561564496,1.711003214503995e-05,28.654855151452157,0.014322502351307293,0.00046129673981180365,7.000087680705389,6.857918709242024e-06,0.5000007763091856,2.063277855695593e-06,0.49999922369081434,1.2254124319982385e-06
2024-08-08 11:51:00,965,965,3.5000236077720195,0.0001741477050255686,5.606012978831886e-06,1.078723785284975,3.23731522494009e-05,1.0421286438956882e-06,26.910311637305547,0.013428156593557282,0.00043226765540330613,3.500033148808289,8.0568624335496e-05,2.5935957849407576e-06,1.0805042386528498,2.137460072783855e-05,6.880727430776037e-07,28.603072304663105,0.014500124032536846,0.0004667755082338806,7.0000567565803085,6.176902185925726e-06,0.49999931850293494,1.8286904657677843e-06,0.500000681497065,1.1522821067392038e-06
2024-08-08 11:52:00,964,964,3.500010594709543,0.00014951404606919718,4.815523175773623e-06,1.0787866341286307,3.600875495204302e-05,1.159763905540112e-06,26.876205005186613,0.008844844421120435,0.00028487325716745746,3.5000374229253057,7.536779532754953e-05,2.4274332388731304e-06,1.0805599692946053,3.6240534713266414e-05,1.1672290289929948e-06,28.56400651037327,0.010031737756451818,0.00032310051750669217,7.000048017634849,5.392744717265872e-06,0.4999980837120192,1.5768593745899863e-06,0.5000019162879809,1.0365811259762965e-06
2024-08-08 11:53:00,966,966,3.500029919151136,0.00021236462010231256,6.832719651623405e-06,1.0788680954451366,2.7025429206423352e-05,8.695289316239318e-07,26.848606455486475,0.006375107742223653,0.00020511572940220532,3.500035673084888,7.706421493153476e-05,2.4795004720934372e-06,1.08058889710145,2.0779232156148972e-05,6.685608357482612e-07,28.53647204761889,0.007838956405892336,0.0002522142881283853,7.000065592236024,7.26869867505816e-06,0.49999958900858316,2.2111684462625254e-06,0.5000004109914169,1.2570144364602991e-06
2024-08-08 11:54:00,966,967,3.5000222289855127,0.0001875645438295248,6.0347902769978295e-06,1.07897373126294,4.2478118181089544e-05,1.3667110497034784e-06,26.83336489544502,0.005798793314214108,0.0001865731166266979,3.500036827714582,8.101112745469094e-05,2.6051422324258515e-06,1.080686692761117,4.0686690705270366e-05,1.3083957671522392e-06,28.516407791106417,0.004650095506021192,0.00014953699038844815,7.000059056700095,6.57308601332101e-06,0.4999989572424353,1.9633252461837378e-06,0.5000010427575646,1.1982233757116811e-06
2024-08-08 11:55:00,965,966,3.5000172464248718,0.00017034274071859695,5.483526843939994e-06,1.0790781869430046,3.550273666445987e-05,1.1428735308099007e-06,26.81485016062166,0.005937534250969661,0.00019113599038418394,3.5000359858178065,7.77414456297606e-05,2.5012900126403563e-06,1.0807554243271222,3.1328996621973623e-05,1.0079939435366967e-06,28.502368769150976,0.005931548691122211,0.00019084445086411304,7.000053232242678,6.0270654862499135e-06,0.49999866148211214,1.7877134361873083e-06,0.5000013385178879,1.118948651981747e-06
2024-08-08 11:56:00,965,965,3.500024145284977,0.0001875458948839174,6.03731597089675e-06,1.0791960162694296,4.18587202772232e-05,1.3474798827636202e-06,26.798064181347033,0.006296096503204116,0.0002026785176856515,3.5000342989637274,7.723900853040148e-05,2.4864116597457508e-06,1.0808343326424878,3.234961507017539e-05,1.041370955287596e-06,28.4864984165802,0.0048453507870451235,0.00015597736068459893,7.000058444248705,6.52927462082616e-06,0.4999992747432874,1.960973519978322e-06,0.5000007252567126,1.1724664592835512e-06
2024-08-08 11:57:00,965,965,3.413425754300521,0.3365561324788777,0.01083412524158753,1.074056869637306,0.015287865996067405,0.0004921338192772243,26.784446926424756,0.004049038401003393,0.00013034315797891816,3.182358307046628,0.8506255145693125,0.02738260417558177,1.0755471115025919,0.015551499052206857,0.0005006204676321359,28.475114015543873,0.004552908901518458,0.0001465633232984855,6.595784061347149,0.02944800980010351,0.5175162986769081,0.005477901485073888,0.48248370132309193,0.009693849815909518
2024-08-08 11:58:00,964,964,1.3030490645228223,0.29973686753678075,0.00965387447002227,1.0024001644190879,0.0033551395957558757,0.00010806177015529762,26.810054897302763,0.027427888704414743,0.0008833928128566628,0.5367257523962652,0.09795311065291387,0.0031548572651824143,1.002857983921162,0.0033713590233927023,0.00010858416274473214,28.52385964834011,0.04066736050727986,0.0013098074874497887,1.8397748169190875,0.01015629935786761,0.708265518442592,0.009239231829471985,0.291734481557408,0.008063831159851369
2024-08-08 11:59:00,964,964,1.1900668402489618,7.324958484878606e-05,2.359210273072772e-06,1.001049063278008,6.62964930027731e-05,2.1352662637436304e-06,26.931445252074585,0.0365062542888934,0.0011757872802632217,0.5102583671680501,2.177032609315405e-05,7.011749905906046e-07,1.0015307205394202,4.1754900388557536e-05,1.3448347884997982e-06,28.6757089968878,0.04230063314731285,0.00136241165713961,1.7003252074170119,2.4612028522659074e-06,0.6999054269487713,2.4546299279844132e-06,0.3000945730512287,1.995878912009237e-06
2024-08-08 12:00:00,964,964,1.190067810062242,6.162088417877829e-05,1.9846750434219076e-06,1.0012181676348544,4.5006906014522835e-05,1.4495748371527147e-06,27.046384621369164,0.030501823408150715,0.0009823975832834128,0.5102574906846477,1.8660245378303415e-05,6.010060355349812e-07,1.001644346265562,4.355702790256426e-05,1.4028774074881326e-06,28.80471252385876,0.03352468416984568,0.0010797573728000564,1.7003253007468895,2.0736786835793113e-06,0.699905958900623,2.066056615128597e-06,0.30009404109937704,1.695493064538651e-06
2024-08-08 12:01:00,964,964,1.1900508873443987,6.465559388775299e-05,2.0824164618338574e-06,1.0013981953319506,6.205042843314452e-05,1.998509732311028e-06,27.139358239626404,0.02449644610046746,0.0007889774039443454,0.5102565645124478,1.6654368006550726e-05,5.364010754968823e-07,1.0017581790456438,4.16715600456396e-05,1.3421505767929428e-06,28.906818021784094,0.026810458261073963,0.0008635067172856845,1.7003074518568466,2.150391693229597e-06,0.6999033533875215,2.1590455393931674e-06,0.3000966466124785,1.6445627049337563e-06
2024-08-08 12:02:00,966,966,1.190070639648034,7.994714388272583e-05,2.572257190653935e-06,1.0015477061076594,1.67538007122418e-05,5.390447020354225e-07,27.21691974637663,0.020908153020344333,0.000672708796561449,0.5102572182919255,1.898268259300005e-05,6.107578010462986e-07,1.0018842289855057,3.9441442768669775e-05,1.2690076198381559e-06,28.99016795031043,0.022087692053737538,0.0007106598428771666,1.7003278579399597,2.643772332560008e-06,0.6999065704245238,2.6625890571794165e-06,0.30009342957547613,1.962219506172752e-06
2024-08-08 12:03:00,964,964,1.1900657113070527,7.120162154360747e-05,2.2932498163899454e-06,1.0016478696058102,3.0052010979550256e-05,9.67910100457391e-07,27.285006304979103,0.018756259134956106,0.0006040984304136545,0.5102576335788378,1.6426081404723933e-05,5.290484591326195e-07,1.0019836345435686,3.1261108508681015e-05,1.0068525097251136e-06,29.062170049792343,0.01941046079669915,0.0006251688471843654,1.7003233448858905,2.3534840115206048e-06,0.6999055296667226,2.372582554016136e-06,0.30009447033327735,1.7294072679276899e-06
2024-08-08 12:04:00,967,967,1.1900599372285408,9.52625103578622e-05,3.063435810580137e-06,1.0018070734229567,5.3871655881572496e-05,1.7323956631302315e-06,27.345987070320447,0.016758352248354643,0.0005389122773593666,0.5102577119027925,1.8785359164596807e-05,6.040964253750226e-07,1.002081653050671,3.1436083704816246e-05,1.0109163006933163e-06,29.124058678386575,0.017008777400185006,0.0005469654073378355,1.7003176491313332,3.1224303765969965e-06,0.6999044783405762,3.16207655229952e-06,0.3000955216594237,2.1849310638724424e-06
2024-08-08 12:05:00,963,963,2.00149976095535,0.7913731540381247,0.02550164348199366,1.0114074580477668,0.009269970257973104,0.0002987206166916881,27.39319593665618,0.010162869684577781,0.00032749389858324453,0.8753695030737279,0.3320312242084824,0.010699556664828061,1.0117211840083078,0.00933875455328942,0.0003009371596302073,29.174775231567928,0.011046598090052857,0.00035597164844920775,2.876869264029078,0.02765527676785348,0.6957214865413224,0.015960864978771104,0.3042785134586777,0.015550198705017334
2024-08-08 12:06:00,966,966,2.100035759109734,0.00010069032098846606,3.2396579741705703e-06,1.011644782919254,3.189992980270112e-05,1.0263634175189504e-06,27.403835951345574,0.004315456708365395,0.0001388475436387306,0.9001360352587988,3.4504684927610295e-05,1.1101700399264834e-06,1.0118992322981373,1.803017368200956e-05,5.801113291841983e-07,29.194748707039214,0.004944858000663564,0.00015909819827494528,3.0001717943685327,3.4245965174246928e-06,0.6999718359633946,1.919054726457837e-06,0.30002816403660537,1.6804951006718884e-06
2024-08-08 12:07:00,968,968,2.10003047995868,0.00011579779916213281,3.7218822288191827e-06,1.0117105712809915,2.1586376396405515e-05,6.938124150519805e-07,27.416992880165154,0.006054689339941525,0.00019460508592047973,0.900135105134298,2.5201928189527362e-05,8.100206509905096e-07,1.0119156097107442,2.8011003317354705e-05,9.003077451609269e-07,29.20899158161145,0.00610943247072318,0.00019636459678407472,3.000165585092978,3.809007847226248e-06,0.6999715250362084,2.1801207336606262e-06,0.30002847496379165,1.5561748942934262e-06
2024-08-08 12:08:00,966,966,2.1000372489648025,0.00012341841883501718,3.97092253568431e-06,1.0118173777432728,3.2428580618221676e-05,1.0433724787002046e-06,27.43819629917169,0.006572389210337975,0.0002114631565934033,0.9001332580227748,2.1674604062538565e-05,6.97368954621133e-07,1.0119869612836447,2.009235391931038e-05,6.464608907345466e-07,29.229647716355974,0.0057986084067827535,0.00018656716732761344,3.000170506987577,4.03169309884506e-06,0.6999726329132594,2.319760830159772e-06,0.3000273670867407,1.5511535459075437e-06
2024-08-08 12:09:00,966,966,2.1000206421325034,0.0002233701684666872,7.1868173659692595e-06,1.0119089557971015,4.4858100077072466e-05,1.4432857120147236e-06,27.460280005175797,0.0069477546279298735,0.000223540340938349,0.9001338841614912,2.4253422878367163e-05,7.80341089962694e-07,1.0120341905797112,1.6624781560772107e-05,5.348935788810192e-07,29.250083244306214,0.007077609763698298,0.0002277183614466694,3.0001545262939944,7.229057757998721e-06,0.6999708260782818,4.185433545125104e-06,0.3000291739217183,2.560767980155123e-06
2024-08-08 12:10:00,963,963,2.100051741952235,0.00011973014714027439,3.858250069310319e-06,1.012011742575286,2.95038024684406e-05,9.50746747061235e-07,27.477036949117238,0.005445236804881153,0.00017547030369243445,0.9001340173935619,4.17973981642793e-05,1.3469023317526344e-06,1.0120826509865009,2.4411346382079812e-05,7.8664464314298e-07,29.26737483073715,0.005656475912791108,0.00018227738881010136,3.000185759345797,4.086592650193284e-06,0.6999739050858503,2.2870761873548172e-06,0.30002609491414955,2.023455413734382e-06
2024-08-08 12:11:00,966,966,2.100026967391304,0.0001754046222762701,5.643551214111113e-06,1.0121023150103519,2.4560185826326944e-05,7.902110260278676e-07,27.496998712215134,0.006826474491978693,0.00021963821652673112,0.9001368023706018,3.0093068175215735e-05,9.682285975854994e-07,1.0121582064182202,2.445347533936991e-05,7.867776723886676e-07,29.2880716832297,0.006160655040963463,0.00019821582684057204,3.000163769761906,5.7260053198960095e-06,0.6999707777812286,3.296146155695853e-06,0.3000292222187714,2.1908062286067153e-06
2024-08-08 12:12:00,965,965,2.100011974818654,0.000318590787815666,1.0255800334369452e-05,1.012180792331606,3.385440732742661e-05,1.0898119320053624e-06,27.51532452227968,0.005896487736731843,0.00018981465633893062,0.9001303910259075,5.6750628681004e-05,1.826867376149844e-06,1.0122273558549224,3.180676321350464e-05,1.023895935713652e-06,29.306707396891028,0.006775293035799028,0.00021810439987424477,3.0001423658445616,1.0417239793174253e-05,0.6999707742960677,5.992237006029031e-06,0.3000292257039323,4.0218922998932866e-06
2024-08-08 12:13:00,966,966,2.2835059173913064,0.472016571627682,0.015186884252652634,1.0147620860248427,0.006215123782187972,0.00019996832986289556,27.529172325051587,0.005049732433473466,0.00016247247784028835,1.0045408536749476,0.22737050093686687,0.007315525953439504,1.0148257751552803,0.006287552935056166,0.00020229869965761243,29.32305966770178,0.004436367242600883,0.0001427377763100724,3.288046771066254,0.01685699775401645,0.6944870545898004,0.00839733422689799,0.30551294541019963,0.008906052067933646
2024-08-08 12:14:00,965,965,3.500038704870471,0.0002167833732081258,6.978503699611081e-06,1.0346329365803115,9.007604854504354e-05,2.899650599192594e-06,27.517792181347023,0.015205561632897853,0.0004894843480822105,1.5000879298445604,2.1675334483596645e-05,6.977537052108986e-07,1.0348338848704655,7.02994295254711e-05,2.2630187074036162e-06,29.318605012435103,0.010136263556036643,0.00032629786906269645,5.0001266347150315,7.013299802419763e-06,0.699990012366946,2.437773144953956e-06,0.300009987633054,1.4777389041169477e-06
2024-08-08 12:15:00,963,963,3.5000531974039464,0.00022302063785689522,7.186739614216643e-06,1.0347207214953271,4.108312000723431e-05,1.3238850398278453e-06,27.472088320872096,0.010167758257205756,0.00032765143063453827,1.5000791720664612,2.4400195088593324e-05,7.862852977325319e-07,1.0349249437175485,3.028729157016154e-05,9.759943305080097e-07,29.281559007268807,0.010900372387778974,0.0003512595910483914,5.000132369470408,7.229624530498186e-06,0.6999921079638651,2.5113190449185065e-06,0.30000789203613487,1.5379644017463653e-06
2024-08-08 12:16:00,966,966,3.500004909627323,0.00024226065883493214,7.794608930805837e-06,1.034781909834369,2.4788496341115876e-05,7.975567964312382e-07,27.441769282608583,0.007305430784775023,0.0002350483826480065,1.5000781645962746,1.8965308093473675e-05,6.101987856872722e-07,1.034962166459627,2.0376669918961406e-05,6.556086080763082e-07,29.251078031055723,0.009105347165496493,0.0002929597429297211,5.000083074223598,7.818457069157081e-06,0.6999893517110806,2.7211584477298735e-06,0.3000106482889194,1.6157097278483694e-06
2024-08-08 12:17:00,965,965,3.500009935751295,0.0002566567823331684,8.262074155118627e-06,1.0348208508808296,3.1051624992577106e-05,9.995871762803294e-07,27.416357480828914,0.006637608221128395,0.00021367216886713329,1.5000753909844564,2.4713318338156154e-05,7.955498657496885e-07,1.0349812951295363,1.738745455318146e-05,5.597219663599559e-07,29.226028864248562,0.006850213414098036,0.0002205161721859245,5.000085326735752,8.30028728018335e-06,0.6999900415771977,2.8858382772895068e-06,0.30000995842280226,1.7426867577093534e-06
2024-08-08 12:18:00,963,962,3.500043598234679,0.0002399719952194463,7.732989470924344e-06,1.0349165861889942,2.377623217716087e-05,7.661783739227678e-07,27.401529273104714,0.005310547788515691,0.00017113001079929575,1.5000787834719367,2.239255644134973e-05,7.219649958825291e-07,1.0350404848232864,2.20807132216969e-05,7.119107669523785e-07,29.206661647609007,0.005252841598708725,0.00016935841037695894,5.000122381706616,7.76661828679036e-06,0.6999915864139433,2.7007658137396105e-06,0.30000841358605657,1.6261399865681043e-06
2024-08-08 12:19:00,966,967,3.5000185878881966,0.00016270253300712433,5.234868190902474e-06,1.0349527496894417,1.7885009640802034e-05,5.754407527172244e-07,27.38963905797087,0.004991767819467792,0.0001606074969549388,1.5000754664943112,2.2541979114012845e-05,7.249011788562124e-07,1.0350840061013435,2.3879726971858345e-05,7.679202498197623e-07,29.19649272802463,0.0036809457193339727,0.0001183712342982435,5.000094054382508,5.284820403308865e-06,0.6999905501418483,1.83143546091767e-06,0.30000944985815164,1.1621768245261522e-06
2024-08-08 12:20:00,964,964,3.500030735373443,0.00018159921942025522,5.848917026938793e-06,1.035009281224066,1.9524428082737696e-05,6.288394863090978e-07,27.381615231327736,0.002998597908322747,9.657833562788842e-05,1.5000787121369292,2.5302392730322685e-05,8.149351970516783e-07,1.0350950635892127,2.5273495735429513e-05,8.14004487514503e-07,29.18725928838159,0.004074810347545652,0.0001312408043349102,5.000109447510372,5.9054169847190454e-06,0.6999908246240809,2.04633503887913e-06,0.3000091753759191,1.3000115824919107e-06
2024-08-08 12:21:00,964,964,3.60483514844398,0.36772057355374754,0.01184348220592803,1.0371147621369292,0.006272269565855572,0.00020201620017090645,27.376812859958335,0.0027611326626185255,8.893009504987465e-05,1.5807382855809116,0.20453523990996686,0.006587636506024441,1.037170089419087,0.0063213988977912925,0.00020359854940675846,29.180732235477,0.0036870200491353716,0.00011875091981616333,5.185573434024891,0.01355230701753911,0.6951661555482036,0.0041981341781359436,0.3048338444517964,0.004919123062821488
2024-08-08 12:22:00,966,965,4.900022315424435,0.00023762978202634995,7.645612911793808e-06,1.0671289847826089,0.00035854459449959037,1.1535983233178956e-05,27.352221589026865,0.01584955677711292,0.000509951130316933,2.1000597345077714,5.3891026521244134e-05,1.7348135255432235e-06,1.0673312978238356,0.00034866538510908726,1.12239358761804e-05,29.160905831087955,0.012474169122974742,0.0004015577121344958,7.000082049932207,7.839960125242724e-06,0.6999949829833623,1.9206672705667774e-06,0.3000050170166376,1.3916763256625688e-06
2024-08-08 12:23:00,964,965,4.900016961825729,0.0002479800602374573,7.986899950861765e-06,1.0672548974066383,1.2619280256078551e-05,4.0643964986810864e-07,27.29714639107873,0.015215394068234946,0.0004900548456176718,2.100047821554406,6.882447223850946e-05,2.215538152361472e-06,1.0675003756476693,3.3765730585170865e-05,1.0869573266694308e-06,29.11502336165785,0.01436689327951455,0.0004624866585444008,7.000064783380135,8.288496855862645e-06,0.6999959448174776,2.0146496413163805e-06,0.30000405518252243,1.5858785502649996e-06
2024-08-08 12:24:00,965,965,4.900036157512953,0.0002710485969082333,8.725363058552123e-06,1.0673245395854927,4.088915651074436e-05,1.316268520788523e-06,27.25199719274596,0.011585315351545812,0.0003729444968286573,2.100053863523318,6.012065165322478e-05,1.9353522540783674e-06,1.067536443626944,3.248303887619922e-05,1.045666019573082e-06,29.069171745077583,0.012211628739791999,0.00039310623816661403,7.0000900210362715,8.937424061266887e-06,0.6999961633047066,2.1910977092921295e-06,0.30000383669529335,1.5746137062766061e-06
2024-08-08 12:25:00,966,966,4.900002315320913,0.0003412861866759413,1.098070306346158e-05,1.067398632298137,4.52306168063388e-05,1.45527124131518e-06,27.21745672360234,0.00945039979466312,0.0003040616292939152,2.1000544792960674,6.2692102500873e-05,2.017085334425907e-06,1.067601348550726,2.223605234307299e-05,7.154332569419694e-07,29.03281648343671,0.010042315735518868,0.0003231062125170798,7.000056794616981,1.1164428915724737e-05,0.6999946513418288,2.7505671410221907e-06,0.30000534865817113,1.8617916596967435e-06
2024-08-08 12:26:00,966,964,4.900039997722573,0.00024305623839084907,7.820206283432298e-06,1.0674765287784684,2.8864766337322068e-05,9.287086337522686e-07,27.189655206004055,0.007359586804126124,0.0002367908240089813,2.1000537579875513,5.8879278332213895e-05,1.896373864769722e-06,1.0676184568464737,1.8847535097336006e-05,6.070382312135609e-07,29.00356014211602,0.009053782970124881,0.0002916027147100469,7.0000937557101235,8.04685405300827e-06,0.6999963384383969,1.9668450276026423e-06,0.30000366156160313,1.4618009138470642e-06
2024-08-08 12:27:00,964,965,3.415831972802698,2.110327780279929,0.06796908117725364,1.0684741834336104,0.047610818124499826,0.001533441199163067,27.165826610995726,0.005233626286333919,0.0001685637526223783,1.289025942643431,1.0223976605262397,0.03291214520223473,1.068477137233162,0.047550951024884505,0.0015307192739758676,28.978078703626792,0.005668659001267453,0.000182480589847634,4.704857915446128,0.07551824480145893,0.7260223441792926,0.025565188764967148,0.27397765582070754,0.030158757058523188
2024-08-08 12:28:00,109,109,0.003808542592660552,0.00012594236883694634,1.2063091129504441e-05,1.2425648201834858,0.0027719316510192286,0.00026550289961826804,27.1833725321101,0.0050519385032048066,0.00048388794896903634,0.0,0.0,0.0,1.2422379788990827,0.0028008560517467193,0.0002682733547483741,28.976634788990793,0.003220537397855613,0.00030847153722038346,0.003808542592660552,1.2063091129504441e-05,1.0,0.004479347851423192,0.0,0.0
