date/yyyy-mm-dd,time_start/hh:mm:ss,time_end/hh:mm:ss,CH4 ground truth count,CO2 ground truth count,CH4 Pressure outlet (bar(a)),CH4 Pressure outlet (bar(a)) STD,CH4 Pressure outlet (bar(a)) STUNC,CH4 Temperature (°C),CH4 Temperature (°C) STD,CH4 Temperature (°C) STUNC,CO2 Pressure outlet (bar(a)),CO2 Pressure outlet (bar(a)) STD,CO2 Pressure outlet (bar(a)) STUNC,CO2 Temperature (°C),CO2 Temperature (°C) STD,CO2 Temperature (°C) STUNC,CH4 Flow (ls/min),CH4 Flow (ls/min) STD,CH4 Flow (ls/min) STUNC,CO2 Flow (ls/min),CO2 Flow (ls/min) STD,CO2 Flow (ls/min) STUNC,Total vol. flow (ls/min),Total vol. flow (ls/min) COMB-UNC,CH4 Vol. fraction,CH4 Vol. fraction COMB-UNC,CO2 Vol. fraction,CO2 Vol. fraction COMB-UNC,SBG count,Flow SBG (ls/min),Flow SBG (ls/min) STD,Flow SBG (ls/min) STUNC,Pressure SBG (Pa),Pressure SBG (Pa) STD,Pressure SBG (Pa) STUNC,Temperature SBG (°C),SBG err,SBG rel-err,AHT count,AHT Humidity (%rH),AHT Temp (deg C),AHT Temp (deg C) STD,AHT Temp (deg C) STUNC,AHT Humidity (%rH) STD,AHT Humidity (%rH) STUNC
2024-08-13,09:37:00,09:44:00,6786,6786,0.986264333292072,0.000674030306834,8.182245327457656e-06,23.549435011788976,0.0947267566894572,0.0011499150030035,0.99134163122458,0.0006757291591953,8.202868178766153e-06,25.41169414161509,0.1667803081786896,0.0020245935286156,0.0035974100720548,4.452875837169667e-05,5.405472445825984e-07,1.7225825439994695,2.428415369272434e-05,2.94792238670775e-07,1.7261799540715244,6.157059262394399e-07,0.0020840295726813,0.0001502605365308,0.9979159704273186,3.956164963514182e-07,8,1.9775793534999144,0.8103432945564225,0.2864996193349471,302.125,107.25994792359089,37.922118263243526,25.492,-0.25139939942839,-0.1456391605263499,0,0.0,,,,,
2024-08-13,09:46:00,09:52:00,5787,5787,1.0042920784689824,0.0003925889739373,5.160732598849765e-06,23.92996795541731,0.059173185243411,0.0007778542097114,1.009932420494211,0.0003611573058605,4.747551269651281e-06,25.909602528598583,0.0694307778159749,0.0009126941973046,0.0035118611296081,3.118649657708115e-05,4.0995845582495753e-07,3.0397897142698422,6.186282237423654e-05,8.132105211251428e-07,3.0433015753994503,9.10701535724526e-07,0.0011539642203047,0.0001167357670736,0.9988460357796952,4.01394188197121e-07,7,4.616950248160192,0.7025982958388065,0.2655571946238956,764.0,228.09866286324433,86.21319090321553,25.492,-1.5736486727607415,-0.5170860112850274,0,0.0,,,,,
2024-08-13,09:53:00,09:59:00,5792,5792,1.0407089437154695,0.0103185365359948,0.0001355825599666,24.073881224792817,0.0105664262429547,0.0001388397584018,1.0475658452520715,0.010687988307898,0.0001404370484732,26.02898112310083,0.0250983969044933,0.000329785613638,0.0035014063043756,3.248961845982042e-05,4.269041087129909e-07,4.91510168537095,0.5323367183920176,0.0069947491867714,4.918603091675326,0.0069947491997988,0.000711870065365,0.001427317743878,0.9992881299346348,0.0020118706591233,7,5.868494283758343,1.29811903825263,0.4906428781964001,1181.857142857143,460.4021534019393,174.01565728287738,25.492,-0.9498911920830172,-0.193122147564762,0,0.0,,,,,
2024-08-13,10:01:00,10:07:00,5791,5790,1.098197007805215,0.000210421496956,2.7651157975869456e-06,23.962498031600763,0.0513577115769278,0.0006748836105797,1.1069533027115717,0.0001906669395005,2.5057406221265647e-06,25.861875720552675,0.0564308530125792,0.0007416129985892,0.0035371329369087,3.4150345432838925e-05,4.4876431835827826e-07,7.092773785247499,0.0002473832418828,3.2511049898987734e-06,7.096310918184408,3.281931301653993e-06,0.0004984467250222,0.0001268731789119,0.9995015532749776,6.511477447527403e-07,7,7.765164110901935,2.2898350994846397,0.8654763166547432,2167.8571428571427,895.2674513930514,338.3792904680886,25.492,-0.6688531927175267,-0.0942536481883255,0,0.0,,,,,
2024-08-13,10:09:00,10:15:00,5689,5689,0.991245328709564,0.0004685150530446,6.211630047894257e-06,24.393151617967657,0.2623934523189197,0.0034788445797053,0.995305759757384,0.0002501298610519,3.3162523822641648e-06,26.28723069602672,0.2098436946642665,0.0027821334462296,0.516982102487816,5.818165280809815e-05,7.713794903073382e-07,1.2058635464287966,1.8525287464084132e-05,2.4561053377041825e-07,1.7228456489166124,8.095374311085304e-07,0.300074532395234,1.5643204351764074e-06,0.699925467604766,5.121293824577485e-07,7,4.477172993325346,3.1679527809573953,1.1973736033726776,1012.0,1188.646288851313,449.2660681600603,25.492,-2.7543273444087335,-1.5987081292748158,0,0.0,,,,,
2024-08-13,10:18:00,10:24:00,5783,5783,1.0064359927200413,0.0003340870446623,4.393220875540137e-06,25.3396500821373,0.1093188427176318,0.0014375350064904,1.0099315540549887,0.0002252696588796,2.9622799920790848e-06,27.060393005879305,0.1007784566090004,0.0013252295365924,0.9120038200219092,5.593495067823044e-05,7.355406230741441e-07,2.1278763606140063,0.0001312422914306,1.725826797773198e-06,3.0398801806359153,1.8760325541163703e-06,0.3000130813810978,1.0155398916852058e-06,0.6999869186189023,1.0191535262087304e-06,7,3.617005271264761,0.6872734716485234,0.2597649555248562,518.7142857142857,141.99614347546472,53.66949753804664,25.492,-0.5771250906288459,-0.1898512626600028,0,0.0,,,,,
2024-08-13,10:26:00,10:32:00,5790,5789,1.0395370426770294,0.0002430705801361,3.194428086412165e-06,25.585828926252155,0.0120183939723293,0.0001579454627428,1.043272432078079,0.0001679064161906,2.2068129170013696e-06,27.24874945603731,0.0113919599044271,0.0001497258105879,1.51991854693,7.972360042729716e-05,1.0477257601979008e-06,3.546408550739601,0.0001134788094912,1.4914647591959956e-06,5.0663270976696015,1.822689330770836e-06,0.3000040300653167,7.775649753170419e-07,0.6999959699346832,5.534427117218432e-07,7,6.681352781105597,1.2327618230786972,0.465940172805834,1450.0,496.949024884176,187.82907630279692,25.492,-1.615025683435995,-0.3187764335585183,0,0.0,,,,,
2024-08-13,10:34:00,10:39:00,4831,4830,1.0854727043055268,0.0001178948552415,1.6961971719971144e-06,25.492862890912857,0.0380438261118467,0.0005473506891427,1.0898559317598344,8.145141851419903e-05,1.1719931862286123e-06,27.123286827536234,0.0370104689964783,0.0005325385152799,2.1278592744449285,0.0001481427598938,2.1313850368531163e-06,4.964953530644564,0.0002174549902239,3.1289297535002704e-06,7.092812805089492,3.785895346897563e-06,0.3000021758530085,1.1349985658144547e-06,0.6999978241469915,8.258699684668129e-07,6,7.940423284271778,1.1368604068832338,0.4641213176061319,1992.6666666666667,536.1509737626769,218.88271846914836,25.492,-0.8476104791822854,-0.1195027279690896,0,0.0,,,,,
2024-08-08,11:28:00,11:33:00,4818,4818,0.9984555509630552,0.0002561040901233,3.6896325468563024e-06,26.357347851598178,0.1560830245073051,0.0022486521279554,0.9999683965836448,0.0001919265940685,2.765042166026041e-06,28.069703544416765,0.1652110791770995,0.0023801579058715,0.8613530769874284,4.2899903514491967e-05,6.180490135391535e-07,0.8614092382235694,2.1660873644050183e-05,3.120632097361025e-07,1.7227623152109977,6.923640877511769e-07,0.4999837002366359,8.224173133822831e-07,0.5000162997633641,5.410702342347458e-07,6,4.277542401163786,2.571020463262315,1.0496147088744494,854.0,846.1971401511588,345.4585358621205,27.131,-2.5547800859527885,-1.4829556366514136,0,0.0,,,,,
2024-08-08,11:35:00,11:40:00,4820,4820,1.01095214626556,0.0002187650545818,3.151043728362078e-06,26.834559536099587,0.0575270629180573,0.0008286071610729,1.0122731611618256,0.0001624365372904,2.339700154873068e-06,28.547149965352695,0.0568873531606145,0.0008193929224322,1.5199199862398651,8.421720199024564e-05,1.213046053716385e-06,1.5199532612016908,2.148188291360551e-05,3.0942031650214173e-07,3.039873247441556,1.2518872396111322e-06,0.4999945269162367,8.980862592849312e-07,0.5000054730837632,4.593900033174515e-07,6,3.625248545267842,0.581395464607516,0.2373537045094618,510.0,110.227038425243,45.0,26.311,-0.5853752978262858,-0.1925656927699055,0,0.0,,,,,
2024-08-08,11:43:00,11:48:00,4823,4824,1.0387022586564378,0.0001954658061559,2.8145707112561363e-06,26.952652733775658,0.0056813487610736,8.180744314219296e-05,1.040159570667496,0.0001553673371681,2.2369489491039633e-06,28.654618370854063,0.0057361196392119,8.258754402787189e-05,2.533149856516219,0.00024455433886,3.521411202308594e-06,2.5331702612305658,8.266735504391541e-05,1.1902286308127088e-06,5.066320117746785,3.7171199939403022e-06,0.4999979862391368,1.571868229726982e-06,0.5000020137608632,8.712463993074576e-07,6,5.534462485024815,0.983299694654186,0.40143041935621,962.1666666666666,239.19232150440507,97.64985634625609,26.721,-0.4681423672780305,-0.0924028400096901,0,0.0,,,,,
2024-08-08,11:51:00,11:56:00,4825,4827,1.0789328670673577,0.0001416418189776,2.039120245295911e-06,26.84476921720207,0.0303370380808258,0.0004367415568328,1.0806526573648227,0.000103640982164,1.4917390910035574e-06,28.531905270147085,0.0317849601440429,0.000457491491906,3.546396286692,0.0001857496791524,2.6741108950094963e-06,3.5464116740453235,7.82384945984259e-05,1.126112647494601e-06,7.092807960737323,2.901551097888126e-06,0.4999989152847921,8.578576951273904e-07,0.500001084715208,5.178593784482897e-07,6,7.270567670717099,2.4409345025793305,0.9965073378122716,1731.6666666666667,723.9059791621191,295.533378449504,26.311,-0.1777597099797754,-0.0250619657213018,0,0.0,,,,,
2024-08-08,11:59:00,12:04:00,4823,4823,1.001450024424632,0.0002099217350763,3.0227259632846388e-06,27.167085235123366,0.1171801133274494,0.0016873115630767,1.0018165019697285,0.0001634497153202,2.3535614261672905e-06,28.934988337756582,0.1264085811802751,0.0018201950368624,1.205832182514405,7.134040635624954e-05,1.027251887213302e-06,0.517018225912217,1.8527129374108727e-05,2.667776872360211e-07,1.722850408426622,1.0613278353978524e-06,0.69990532934059,1.0512999858620422e-06,0.3000946706594099,8.035805835406656e-07,6,4.29008651377717,3.0782424246650977,1.2566872075028628,845.0,915.5732630434334,373.78121943190246,26.311,-2.5672361053505477,-1.4901097000609898,0,0.0,,,,,
2024-08-08,12:06:00,12:12:00,5794,5794,1.0119100914566792,0.0001634724677129,2.147609780695048e-06,27.45802331722472,0.0339688038264033,0.0004462631313804,1.012038988022092,9.947193186274064e-05,1.3068065635867324e-06,29.248985935795652,0.0334486862967974,0.0004394301184008,2.1278571703027653,0.0001867037385509,2.4528092137716613e-06,0.9120612313575728,3.3318531243278373e-05,4.3772021415917603e-07,3.039918401660338,2.491560158825532e-06,0.6999718048815309,1.4143957253454785e-06,0.3000281951184691,9.497865863403535e-07,7,3.892258942324148,0.7849619597667198,0.2966877334555184,563.0,180.0527700425628,68.05355034298881,26.311,-0.85234054066381,-0.2803827037588509,0,0.0,,,,,
2024-08-08,12:14:00,12:21:00,6751,6751,1.0348673253295808,0.0001191689405151,1.450370721869079e-06,27.42055159783736,0.0390636298890873,0.0004754321456257,1.0350107931565695,7.693177874785328e-05,9.363144372590536e-07,29.227882037624056,0.0401888981721069,0.00048912746057,3.546398338384918,0.0002200993665666,2.678765757169868e-06,1.5199542220866724,2.3217907282646935e-05,2.825784369673249e-07,5.066352560471589,2.6936288821633824e-06,0.6999904361284343,9.237013661319976e-07,0.3000095638715658,5.632376843208502e-07,8,5.402122096953619,1.3216353975345607,0.4672686759264332,941.0,373.0105322143828,131.8791383913966,26.311,-0.3357695364820294,-0.0662744119115893,0,0.0,,,,,
2024-08-08,12:22:00,12:27:00,4826,4825,1.067365103294654,9.452472709649258e-05,1.3606667535544582e-06,27.241936005387483,0.0538078737462032,0.0007745548401443,1.06756071626943,6.660347236957866e-05,9.58844569323564e-07,29.057382861139896,0.0541619842421934,0.0007797329869866,4.964948872241385,0.0002916381130182,4.198079133813943e-06,2.127879021303,6.240670758069273e-05,8.984266213790116e-07,7.092827893544385,4.293138573091548e-06,0.6999956782766839,1.0398585933182684e-06,0.3000043217233161,7.379902627832117e-07,4,6.687266434194763,1.177685759569476,0.588842879784738,1330.0,413.42552735246846,206.71276367623423,26.311,0.4055614593496219,0.0571790920965033,0,0.0,,,,,
2024-08-13,11:54:00,12:00:00,5775,5775,0.9983163928675324,0.0001238304200191,1.6294886947835668e-06,25.858558384415584,0.048864650900738,0.0006430115976751,0.9983740048207792,7.009599958269606e-05,9.223956347066824e-07,27.545804874805196,0.0431910767217675,0.0005683528427244,1.7225666011850909,8.433464958617522e-05,1.1097625127812434e-06,0.0,0.0,0.0,1.7225666011850909,1.1097625127812434e-06,1.0,9.111062501204516e-07,0.0,0.0,7,3.619155690569912,2.802958074489111,1.0594185714912352,639.2857142857143,729.0463438140072,275.5536171389651,25.082,-1.8965890893848212,-1.1010251145470986,0,0.0,,,,,
2024-08-13,12:03:00,12:09:00,5777,5776,1.005417306127748,5.452476105135496e-05,7.173689700383298e-07,25.505693572096245,0.0876744126938904,0.0011535108438841,1.0053615360976451,4.9097411969494815e-05,6.460185785459844e-07,27.063210030817174,0.1054120017904605,0.0013870000235586,3.0397751243905486,0.0001189894918862,1.5655156958768885e-06,0.0,0.0,0.0,3.0397751243905486,1.5655156958768885e-06,1.0,7.28334642734776e-07,0.0,0.0,7,2.9052164812596266,0.5160618047605025,0.195053028076494,352.2857142857143,80.92530359476423,30.586889726306783,25.082,0.134558643130922,0.0442659860103631,0,0.0,,,,,
2024-08-13,12:11:00,12:15:00,3849,3850,1.0207900630813198,2.598583805822378e-05,4.188541011044434e-07,25.079878611327626,0.067169230114764,0.0010826707777736,1.0208602877402595,2.7862865016107285e-05,4.4905072947037297e-07,26.655783200259744,0.0719928022753743,0.0011602690663607,5.066260927094388,0.0002363175926292,3.8090975790003696e-06,0.0,0.0,0.0,5.066260927094388,3.8090975790003696e-06,1.0,1.0632846460425673e-06,0.0,0.0,5,4.8651086359746705,0.1785534470930442,0.0798515290633918,736.6,34.43544685349676,15.399999999999997,25.082,0.2011522911197172,0.039704289616027,0,0.0,,,,,
2024-08-13,12:18:00,12:23:00,4812,4812,1.0424829658354116,3.854881456562905e-05,5.557100077570806e-07,24.669457296134663,0.0719097378875672,0.0010366326811756,1.0422365360141312,3.99833786105099e-05,5.76390321937729e-07,26.259148120947632,0.0768183532632377,0.0011073940448965,7.092768942173908,0.0003525223203391,5.081873037539921e-06,0.0,0.0,0.0,7.092768942173908,5.081873037539921e-06,1.0,1.0132648942239994e-06,0.0,0.0,6,6.011138764333389,0.9266382770967914,0.3782984925031445,998.5,216.0451341733944,88.20005668932419,25.082,1.0816301778405188,0.1524975910901452,0,0.0,,,,,
2024-08-23,13:20:00,13:23:00,2819,2822,1.005296647605534,8.842887778898004e-05,1.665507434659304e-06,23.25626128166016,0.0354897361892459,0.0006684289222615,1.0047838420623671,0.000111099831735,2.0913893709458675e-06,25.095872452515945,0.0736061705125498,0.0013855931214468,0.0028501730815439,0.0001908504104726,3.594558536731905e-06,1.7225755121282424,2.556684009219926e-05,4.812808154832929e-07,1.7254256852097865,3.626635120513846e-06,0.0016518666123817,0.0012611737694427,0.9983481333876182,2.1203667876146613e-06,4,2.671895986650693,1.921771153226604,0.960885576613302,962.25,720.6531181273461,360.3265590636731,25.492,-0.9464703014409064,-0.548543069431489,88,12.570227272727273,22.845909090909092,0.0128328210349786,0.0013679833187603,0.2464878690574376,0.0262756951280068
2024-08-23,13:23:10,13:26:10,2829,2831,1.0274483658890068,0.0001168994089976,2.1978388292290844e-06,23.39997364333687,0.0329773952489203,0.0006200116868542,1.0275526646061464,0.0001312350505483,2.466493118851013e-06,25.322622486047333,0.0444065023136145,0.00083459664115,0.0028256928205401,0.0001889324105437,3.5521393269082196e-06,3.039790218437257,4.871382350275392e-05,9.15550456684137e-07,3.0426159112577973,3.6682320587038263e-06,0.0009287050692415,0.001257086734517,0.9990712949307584,1.2426701235812689e-06,3,4.475739380455246,3.2417093745055,1.871601780005284,2564.3333333333335,3192.7469886186304,1843.3333333333337,25.492,-1.4331234691974486,-0.4710168851398022,88,11.80215909090909,22.87772727272727,0.0109047361562489,0.0011624487800905,0.1323479293346293,0.0141083366711623
2024-08-23,13:26:20,13:29:20,2831,2828,1.1460255950194278,0.004288946477272,8.060847257736369e-05,23.446482139173433,0.0249631157743228,0.0004691685111957,1.1492900291018386,0.0043416674700747,8.164260530047721e-05,25.34657572701556,0.0419991657556626,0.0007897705976731,0.0028479640772373,0.0001838651218037,3.455647373402337e-06,7.0927647896162735,0.0002305066890328,4.334548134223296e-06,7.095612753693511,5.543447149310718e-06,0.0004013697162031,0.0012133748867526,0.9995986302837968,9.918781177671936e-07,3,7.942932106794454,1.2601683421702614,0.727558531576245,5829.666666666667,1471.0884858951663,849.3333333333334,,-0.8473193531009429,-0.1194145428328066,88,11.413522727272726,22.912159090909093,0.0105535159077268,0.0011250085757988,0.0850022281347894,0.00906126796508
2024-08-23,13:30:00,13:33:00,2871,2868,1.0044650252525251,0.0002503273823935,4.671880889645056e-06,23.606947877394635,0.1497579645648585,0.0027949454271952,1.0035190105299858,0.0002022768922141,3.7770844838293943e-06,25.554929575313807,0.1396893124503865,0.0026083964848269,0.5168405629033803,0.0001501898390518,2.80300553689404e-06,1.205839219446025,0.0002233806142721,4.171150955108683e-06,1.722679782349405,5.025469165178782e-06,0.3000212623372805,6.158163205065114e-06,0.6999787376627195,4.525024251654853e-06,4,3.4998074191340063,0.8246206154878264,0.4123103077439132,1168.25,452.36148892966855,226.18074446483428,25.492,-1.777127636784601,-1.0316064860069,88,11.016704545454546,22.94409090909091,0.0171294170332699,0.0018260019911235,0.0669314556035971,0.0071349171407053
2024-08-23,13:33:30,13:36:30,2849,2850,1.0234474922428922,0.0001850732643974,3.467348230831584e-06,24.21356798771499,0.1304346097610517,0.0024436928524856,1.0223062388421054,6.484662280610551e-05,1.2146885369837664e-06,26.02770193684211,0.0966628046322684,0.0018106602265255,0.9120003614272296,2.4794871813096775e-05,4.645320067960642e-07,2.127877251204895,3.2276308425185715e-05,6.045906504252727e-07,3.0398776126321247,7.624433355467361e-07,0.3000121970823556,5.677588938382049e-07,0.6999878029176443,3.789941965792401e-07,3,4.405492349820299,3.3416950947158788,1.9293285624838648,2316.6666666666665,2925.7413305576647,1689.1775447766818,25.492,-1.365614737188174,-0.4492334597660777,88,10.748522727272729,22.9725,0.0108543121363823,0.001157073561512,0.0536600575510736,0.005720181354786
2024-08-23,13:36:50,13:39:50,2848,2842,1.125013230372191,0.0004953422342745,9.2818675371702e-06,24.554512690308993,0.0333729876490042,0.0006253527949849,1.1249400939127374,0.0004458646774803,8.363557191156801e-06,26.23741058374384,0.0081154767985574,0.0001522306156249,2.127859433102554,6.369041425863302e-05,1.1934495943029826e-06,4.9649535679455665,0.0001148215151965,2.1538290822870343e-06,7.092813001048121,2.4623772354875607e-06,0.3000021899334038,6.596190043911406e-07,0.6999978100665961,5.556182930976442e-07,3,6.8992619373609445,2.350877817594517,1.3572799408201144,4334.0,2372.0554378007273,1369.5068455469657,,0.1935510636871766,0.0272883359054546,88,10.57340909090909,23.019090909090902,0.0182974380240654,0.0019505134471015,0.0468032409634344,0.0049892422505842
2024-08-23,13:40:10,13:43:10,2855,2854,1.0060498120490369,0.0069379731600808,0.0001298462941118,24.828986053239927,0.1373380519708424,0.0025703237354036,1.003870400525578,0.00710698056182,0.000133032619657,26.537765697267,0.1681419280601004,0.0031473789704992,0.861323340551887,0.0002349269514709,4.3967298995908105e-06,0.8613536145464952,0.0012333304262947,2.308620040332553e-05,1.722676955098382,2.350114641613178e-05,0.4999912130958394,1.4565969358954151e-05,0.5000087869041606,3.0074407751308704e-05,3,3.045710542529523,0.6849223332911609,0.3954400934996384,922.6666666666666,348.5029889876604,201.20829450541493,,-1.3230335874311407,-0.7680102665305477,88,10.300113636363635,23.043409090909098,0.0124924219453474,0.0013316966538823,0.0590245286666995,0.0062920358971463
2024-08-23,13:43:20,13:46:20,2849,2852,1.0213264162513165,0.0002734902950396,5.123841597233854e-06,25.242027521937523,0.0785052099384222,0.0014707953721857,1.0191506832398318,0.0002530164854465,4.737770923089417e-06,26.97905217882188,0.0763682350442125,0.0014300064393101,1.5199103151589677,7.533973926434236e-05,1.4114902684623364e-06,1.519951173910966,2.8248258176101484e-05,5.289527912715828e-07,3.0398614890699336,1.5073472835938894e-06,0.499993279504322,1.0527581393562665e-06,0.5000067204956781,6.057938015714398e-07,3,4.967468594899881,2.7819844148959003,1.6061794508214915,2695.3333333333335,2213.773324740664,1278.1226249638353,25.492,-1.927607105829947,-0.6341101766514078,88,10.142272727272728,23.06488636363636,0.0094679517723104,0.0010092870501384,0.0454284146415469,0.0048426852722387
2024-08-23,13:46:40,13:49:40,2854,2855,1.1097624872459706,0.0004669561589071,8.740758546340232e-06,25.389454115627192,0.0201782719559226,0.0003777086985251,1.108173786725044,0.0004626633895021,8.658887136334983e-06,27.094116876357266,0.0283280248136874,0.0005301676666506,3.546401787894508,8.14170891055929e-05,1.5240127019277166e-06,3.5464091687419703,6.37158654780588e-05,1.1924619507113218e-06,7.0928109566364785,1.935091785815668e-06,0.4999994796951795,5.090238203090739e-07,0.5000005203048205,4.3300550698287e-07,3,6.753750231045696,1.95110274322516,1.1264696940176635,3975.3333333333335,1760.9183210283586,1016.6666666666669,,0.3390607255907829,0.0478034347261908,88,10.01806818181818,23.117500000000003,0.0234030158190195,0.0024947698687483,0.0510545787412774,0.0054424363804371
2024-08-23,13:50:00,13:53:00,2870,2869,1.0046645542857142,0.0001370968820661,2.5590963039264317e-06,25.536311718815337,0.1108845102743267,0.0020698073955385,1.0018643143604042,9.91740055914836e-05,1.851537789836873e-06,27.28460391321018,0.1296485316118678,0.002420484624419,1.2058260949765245,2.716825811958825e-05,5.071318026359605e-07,0.5169726917005342,2.6648760823986585e-05,4.975213759256757e-07,1.7227987866770589,7.10429577613275e-07,0.6999227677088901,5.890042058552319e-07,0.30007723229111,1.047002094705852e-06,4,3.08585170289235,0.6842051658170689,0.3421025829085344,935.5,334.59079485245854,167.29539742622927,25.492,-1.3630529162152911,-0.791185207904838,88,9.67625,23.14840909090909,0.0100443114381974,0.0010707271969612,0.0420812705765087,0.0044858785160329
2024-08-23,13:53:15,13:56:15,2866,2869,1.0187300941730637,0.0002975507006309,5.558055564937523e-06,25.83878627913468,0.0506511090709384,0.0009461301151199,1.015919663855002,0.0002889047060136,5.393731730967601e-06,27.62106154653189,0.0547376857812409,0.0010219300223655,2.127841652618798,9.272968104604662e-05,1.732130755128396e-06,0.9120612548000948,2.2049329220331716e-05,4.116518844682458e-07,3.039902907418893,1.780374743375092e-06,0.6999702679403983,1.0028235675984552e-06,0.3000297320596017,7.394033265363163e-07,3,4.014116036282731,2.864068978910849,1.6535709959518352,1792.0,2016.8765455525531,1164.4442164970092,25.492,-0.974213128863838,-0.3204750804659805,88,9.566704545454543,23.166136363636365,0.0111861797102468,0.0011924507637536,0.0464293206732753,0.0049493822137233
2024-08-23,13:56:30,13:59:30,2800,2800,1.091803234857143,0.0010490655628859,1.9825475631416377e-05,25.86309784892857,0.0481226231140915,0.0009094320942569,1.089227368357143,0.0010383973466435,1.962386529491591e-05,27.680064341071425,0.0366290836256741,0.0006922246144694,4.964939165017875,0.0001500092882152,2.8349090783381418e-06,2.1278841781786872,3.674641042478926e-05,6.944418825593123e-07,7.092823343196562,2.9187255798886835e-06,0.6999947587557283,7.038183114459491e-07,0.3000052412442718,5.252066468838654e-07,3,6.477779753551258,1.594782524481425,0.920748119808262,3464.6666666666665,1265.8405639468713,730.8333903458739,,0.6150435896453041,0.0867135074265248,88,9.450909090909091,23.21443181818182,0.0259910663053807,0.0027706569775766,0.0520970880479139,0.0055535682459282
2024-08-23,13:59:50,14:02:50,2751,2744,1.0029520410759725,0.0002276003850918,4.339380143164219e-06,25.938314065430756,0.0848444652875542,0.0016176263839693,0.999734164016035,0.0002369233897135,4.522888526638324e-06,27.664771045189504,0.030402412419417,0.0005803847500247,1.7225637934788167,2.5006635534359555e-05,4.7677115151339683e-07,0.0,0.0,0.0,1.7225637934788167,4.7677115151339683e-07,1.0,3.91425984437293e-07,0.0,0.0,3,3.1159575731644704,0.3549429757763957,0.2049264226114689,907.6666666666666,185.43552338571303,107.06124934406058,25.492,-1.3933937796856537,-0.8089069240632387,88,8.49159090909091,23.246818181818185,0.0087815708993794,0.0009361186032376,0.0576131842277893,0.0061415860744462
2024-08-23,14:03:00,14:06:00,2823,2811,1.013150139957492,6.266456139407146e-05,1.1794147781055644e-06,26.029484531349635,0.0289495095351488,0.000544861060304,1.0097443627534686,5.10704696668098e-05,9.632509123622364e-07,27.636028289220917,0.044628459442864,0.0008417467972415,3.0397771093368493,3.886937092207366e-05,7.315635737537849e-07,0.0,0.0,0.0,3.0397771093368493,7.315635737537849e-07,1.0,3.403496672709782e-07,0.0,0.0,4,2.6342636488105424,1.485239884831406,0.7426199424157031,811.25,834.5299575209988,417.2649787604994,25.492,0.4055134605263069,0.1334023666671971,88,8.403409090909092,23.255681818181817,0.0098021173581122,0.0010449092212756,0.0262124987137666,0.0027942617516227
2024-08-23,14:06:15,14:09:15,2831,2838,1.063733099293536,0.0002583779295939,4.856076046329826e-06,25.758311077357828,0.107761336333369,0.0020253171194277,1.0602814578576465,0.0002705931303625,5.079378440477547e-06,27.38567780655391,0.0941913091996872,0.001768091098943,7.092788442941222,0.0001147709903834,2.157059846754466e-06,0.0,0.0,0.0,7.092788442941222,2.157059846754466e-06,1.0,4.30090833058261e-07,0.0,0.0,3,6.001103474242684,0.934293052745233,0.5394143455044575,2674.3333333333335,564.0720994104684,325.66717843699126,,1.091684968698538,0.1539147794243022,88,8.272386363636365,23.30784090909091,0.0264118078625136,0.0028155081782673,0.0272491407934486,0.002904768168619
2024-08-23,14:12:00,14:15:00,2825,2831,1.136966591362832,0.0036555376734929,6.877681149234491e-05,25.624715879292033,0.0107070490344844,0.0002014468893109,1.13426268590604,0.0036567580475711,6.872682659056449e-05,27.280570756976335,0.0477926276420141,0.0008982370694287,0.002774486764481,0.0001810455815168,3.4062671332302744e-06,1.7225891698991702,4.32710051967255e-05,8.132555755309181e-07,1.7253636566636512,3.5020051990333934e-06,0.0016080591206181,0.0012277123942103,0.998391940879382,2.083903430481069e-06,4,0.5720115351702891,0.9899903956077266,0.4949951978038633,232.5,100.2845950283492,50.1422975141746,25.492,1.153352121493362,0.6684690019051449,88,45.71284090909091,23.510340909090907,0.0173833626124459,0.0018530726808214,4.749348158265738,0.5062822147822271
2024-08-23,14:15:45,14:18:45,2794,2794,1.14741122444524,0.0002344305800219,4.435075947221805e-06,25.553392505010734,0.0275664282746577,0.0005215155931462,1.1455162023264138,0.0002600124391078,4.919046459544947e-06,27.34320664710093,0.0109876103186016,0.0002078691535759,0.0026435912085853,0.0001849299586966,3.498598227498382e-06,3.039788253632695,4.704763973738231e-05,8.900709768893071e-07,3.04243184484128,3.610043753385201e-06,0.0008689072897615,0.0013234268680944,0.9991310927102384,1.222159096494773e-06,3,3.703022043470819,1.6824980138582597,0.971390681212077,1504.6666666666667,1249.9633327955398,721.6666666666667,,-0.660590198629539,-0.217125717951457,88,51.05852272727272,23.46443181818182,0.0254096530912844,0.0027086781207047,0.2912775655061494,0.0310502928121146
2024-08-23,14:21:00,14:24:50,3560,3563,1.264329916488764,0.005877413334946,9.850567129883464e-05,25.10550767303371,0.0959307876850702,0.0016078036545358,1.2654200124614088,0.0058005532914235,9.717655748639776e-05,26.852522309289927,0.0794805702408314,0.0013315364612682,0.0026374441329442,0.0001986340946201,3.3291149895922273e-06,7.0927684899782415,0.0002478892764736,4.152884270732617e-06,7.095405934111186,5.322542097534413e-06,0.0003717115211498,0.0012622506523994,0.99962828847885,9.515935801732048e-07,4,7.5227043342461055,0.1074115966522304,0.0537057983261152,4888.5,151.95942440884232,75.97971220442116,,-0.4272984001349194,-0.0602218398923,112,52.463928571428575,23.41017857142857,0.0127330274141699,0.0012031579991021,0.6860243963077935,0.0648232123554871
2024-08-23,14:25:30,14:28:30,2720,2706,1.1222259404044117,0.000752793386522,1.4434154282456064e-05,25.1425518625,0.138753846751886,0.0026604835631647,1.1196840641537325,0.0007039778721849,1.3533032109094825e-05,27.020952448632663,0.1400267552158618,0.0026918269015859,0.5168730098853447,1.790549962065165e-05,3.4332228292149217e-07,1.2058656701453991,2.273438114031836e-05,4.37038040694983e-07,1.7227386800307438,5.557629341409291e-07,0.3000298396249631,7.384269275607468e-07,0.6999701603750369,4.852079276754176e-07,3,3.030657607393463,0.8039357264094995,0.4641525080536819,889.0,434.7447526997882,251.0,,-1.307918927362719,-0.7592091258665986,88,46.057500000000005,23.33965909090909,0.0111879310626639,0.0011926374585485,0.2493266794858672,0.0265783133364762
2024-08-23,14:29:05,14:32:05,2713,2709,1.1506950150755622,0.0002900269898013,5.568183232357411e-06,25.702451334684852,0.1094509250066296,0.0021013313478357,1.1479141557401256,0.0002541633839331,4.88324463434554e-06,27.44059804282023,0.0747218560930815,0.0014356320615042,0.9120058727859096,2.220746043668384e-05,4.263575914831219e-07,2.12787415601531,3.959954980847113e-05,7.608267018334776e-07,3.0398800288012193,8.721456679007791e-07,0.3000137716439948,5.485101162368547e-07,0.6999862283560051,4.5842792707691875e-07,3,6.3673915625534825,1.6557544411204446,0.955950272292807,3680.3333333333335,1284.931645393378,741.8556313581356,25.492,-3.327511533752263,-1.0946193607069656,88,51.72295454545454,23.312272727272724,0.0177936623566562,0.0018968107805144,0.0306316300694323,0.0032653427369715
2024-08-23,14:32:50,14:35:50,2814,2815,1.2395334647832268,0.0009015105510992,1.6994514706660624e-05,25.90344839374556,0.0081508544582005,0.0001536530169201,1.2379601695204263,0.0009247787601736,1.743005056267755e-05,27.488724652575492,0.0344918766579012,0.0006500961960198,2.1278640998916045,4.849641600344288e-05,9.142134320955628e-07,4.964949516006687,0.0001317403177399,2.483015936611294e-06,7.092813615898292,2.64596945199479e-06,0.3000028218875048,5.689951609562179e-07,0.6999971781124951,6.239189236048376e-07,3,4.4958099606366595,0.7734826376079539,0.4465704090364539,1853.0,722.2651867562219,417.00000000000006,25.492,2.5970036552616325,0.3661457632892735,88,50.58954545454546,23.32170454545454,0.0422967510751729,0.0045088488143709,0.3453231340001031,0.0368115697714932
2024-08-23,14:41:40,14:43:40,1866,1866,1.1337133816720255,0.0008385536470608,1.9412212305706777e-05,26.7423858488746,0.0519874555830297,0.0012034907111173,1.1297952489281886,0.0008882117687079,2.0561779782390523e-05,28.415569612540196,0.0563997096957185,0.001305632790974,0.8613521195406914,2.5377652104201557e-05,5.874834272009188e-07,0.861408591487303,4.73688121155572e-05,1.0965707926730009e-06,1.7227607110279943,1.2440274436599983e-06,0.4999836100433885,9.932956115478875e-07,0.5000163899566116,1.4635466746619856e-06,2,2.393416686633578,0.0212880650229385,0.0150529351360599,580.0,8.48528137423857,5.999999999999999,,-0.6706559756055839,-0.3892914270173914,58,51.49810344827586,23.31310344827586,0.0160270491260947,0.002104454650015,0.2949365492069032,0.0387270661963145
2024-08-23,14:44:20,14:47:20,2822,2818,1.1464876013465628,0.000849192920416,1.598556019307049e-05,26.929254685329553,0.03017098885492,0.0005679512238379,1.1425633921575586,0.0008169118886613,1.5388798819645135e-05,28.598029044712565,0.0246158538735972,0.0004637078102208,1.5199264766905387,3.012056073493393e-05,5.670019439651477e-07,1.5199576382681157,3.8432136267275655e-05,7.239757695232582e-07,3.039884114958654,9.195825788459948e-07,0.4999948745451474,4.802840914208145e-07,0.5000051254548527,5.642552177243626e-07,3,5.62979774088653,3.089594309869352,1.7837781064898064,3081.6666666666665,2283.422285371966,1318.3344711330951,25.492,-2.589913625927876,-0.8519777491462374,88,51.88511363636364,23.23738636363636,0.0215222054899961,0.0022942748140099,0.2536084153131739,0.0270347479092899
2024-08-23,14:47:50,14:51:00,2975,2974,1.2338529419831932,0.0001258417860106,2.3071795219864993e-06,26.835520683361345,0.0801085500917231,0.0014687077493638,1.2304286252858103,0.0001015879631376,1.862823768427623e-06,28.464415761264288,0.0855577986267897,0.0015688778073082,3.5464089250745294,4.162770877011052e-05,7.632011612857681e-07,3.5464162477925685,0.0001103808501708,2.024059395687426e-06,7.092825172867098,2.163167226512665e-06,0.4999994837939847,3.7326305947611026e-07,0.5000005162060153,6.471086269320623e-07,4,3.4960441853499917,0.8595893784423377,0.4297946892211688,1166.25,471.0480336441285,235.52401682206423,25.492,3.596780987517106,0.5071013171558544,93,52.39881720430106,23.17107526881721,0.0253866776766784,0.0026324758440406,0.4715373779789146,0.0488961483223976
2024-08-23,14:53:00,14:56:00,2785,2775,1.133626129658887,0.0006838488816662,1.295828541304928e-05,26.949596775942545,0.0712108181175588,0.0013493772241253,1.1293318965405403,0.0006968983932395,1.3229333643408543e-05,28.690064375855854,0.0795292285301414,0.0015097160631082,1.2058246884121184,2.696458758684551e-05,5.1095326959388e-07,0.5169749796056811,6.0101501700449725e-05,1.1409164179142856e-06,1.7227996680177995,1.2501054021061747e-06,0.699921593205032,8.40288205836944e-07,0.300078406794968,2.3231391118291313e-06,4,4.681462827314736,2.2753678698766207,1.1376839349383103,2243.75,1775.8442827755666,887.9221413877833,25.492,-2.958663159296936,-1.7173576325917703,88,51.39488636363637,23.073522727272728,0.018259922368134,0.001946514264742,0.5010425781301111,0.0534113182910008
2024-08-23,14:56:45,14:59:45,2595,2574,1.1412976175722545,0.0001107228084705,2.173543878675976e-06,27.065145223121384,0.004950096717972,9.717286409927106e-05,1.1369827392385392,0.0001017304588032,2.005149377999947e-06,28.85254289044289,0.0050095229868142,9.873976800318464e-05,2.1278596237091327,3.676853219122809e-05,7.217846004454668e-07,0.9120637409686188,4.919418157630434e-05,9.696376458868836e-07,3.0399233646777515,1.2087887217215751e-06,0.6999714691606042,5.226635570767747e-07,0.3000285308393959,1.1350552333753634e-06,3,3.2464163443436593,0.4650195771256953,0.2684791780319662,983.6666666666666,222.28210304325745,128.33463202806084,,-0.2064929796659078,-0.0679270346302947,88,49.60625,22.99340909090909,0.0161092793731653,0.0017172549511657,0.0577412480306579,0.0061552377217016
2024-08-23,15:00:30,15:03:30,2633,2637,1.2164170375617167,0.0005227627280357,1.018777127559122e-05,26.822085201671097,0.1366978931977589,0.0026640133182155,1.2123928156996586,0.0004843179362333,9.431385314796097e-06,28.676300745544182,0.1165469565442557,0.0022695819671356,4.964956574301557,7.083692375306891e-05,1.3804931728288825e-06,2.1278806503643346,3.7194182933080925e-05,7.243024560251947e-07,7.092837224665892,1.558966147172954e-06,0.6999958432763035,3.544290332419829e-07,0.3000041567236964,4.0518237583817025e-07,3,5.579621290432996,2.563790765105015,1.4802052883792571,2826.3333333333335,1727.1451396258894,997.1677112925612,,1.513215934232896,0.2133442353605085,88,52.76829545454546,22.939204545454547,0.0176961318527419,0.0018864139938639,0.3558710265887185,0.0379359788994606
2024-08-23,15:04:00,15:07:00,2625,2625,1.1295353200761904,0.0042619712178239,8.318516044757811e-05,26.727775155428574,0.0736400478289873,0.0014373065609648,1.125072489904762,0.0042552906943483,8.305476998063604e-05,28.470583405333333,0.0159527504297741,0.0003113658061629,1.7225631927314,8.567262604892031e-05,1.6721584402166745e-06,0.0,0.0,0.0,1.7225631927314,1.6721584402166745e-06,1.0,1.3728315771343687e-06,0.0,0.0,4,4.346535020537395,1.8927781552447889,0.9463890776223944,1788.25,1416.4649366174465,708.2324683087232,25.492,-2.6239718278059954,-1.523294958860271,88,48.00511363636363,22.903295454545457,0.0168646805592556,0.0017977809881709,2.8735384068155576,0.3063202234042182
2024-08-23,15:07:20,15:10:20,2668,2655,1.134167620389805,0.002149691345959,4.161819066450514e-05,26.74817353035982,0.0456002378980818,0.0008828241313603,1.129532245386064,0.0021638626741948,4.1994985230050326e-05,28.368014518644067,0.0628971138534731,0.0012206705161048,3.0397853747298353,5.153779981416708e-05,9.977757891276228e-07,0.0,0.0,0.0,3.0397853747298353,9.977757891276228e-07,1.0,4.641998954670318e-07,0.0,0.0,3,2.0923579839123736,0.2738641513700806,0.1581155415149044,458.6666666666667,109.60079075140531,63.278046043719705,25.082,0.9474273908174616,0.3116757514177018,88,50.00022727272728,22.884886363636365,0.0150091403708155,0.0015999797394698,0.3714277432328542,0.0395943304657961
2024-08-23,15:10:40,15:13:40,2695,2693,1.1916464687569577,0.0013603884554717,2.620496313073202e-05,26.341037365491655,0.1483351367297777,0.0028573579651909,1.1870435967322688,0.0012890291056987,2.483959708044083e-05,28.023539199405864,0.1260352375797962,0.0024286996357019,7.092784123139416,0.0001270326849891,2.4470119642284675e-06,0.0,0.0,0.0,7.092784123139416,2.4470119642284675e-06,1.0,4.879039664849396e-07,0.0,0.0,3,5.649868321067945,1.4122776804331614,0.8153788989685861,2513.6666666666665,725.4421640167694,418.8342286765865,,1.4429158020714707,0.2034343322763933,88,54.49522727272727,22.834545454545452,0.0239688059206604,0.0025550832962367,0.4692424250859279,0.0500214105863818
2024-08-23,15:14:40,15:18:05,3003,2992,1.1588220743256743,0.003122657242574,5.698317590187726e-05,26.117812583749583,0.0405808417168365,0.0007405312405951,1.1547138918783424,0.0030676484480515,5.608216792441296e-05,27.646638096256684,0.0137193206014508,0.00025081402084,0.0025860510919972,0.0001867848797271,3.4085059071449676e-06,1.7225872236079962,4.1605380108799896e-05,7.6062167922232e-07,1.7251732746999937,3.492342746344511e-06,0.0014990094791764,0.0013180365762678,0.9985009905208236,2.0719407595343306e-06,4,3.353041301557419,0.6254218300741244,0.3127109150370622,1052.0,401.0644171036202,200.5322085518101,25.082,-1.6278680268574257,-0.94359682631909,100,69.45590000000001,22.9167,0.0283931632117968,0.0028393163211796,1.564036538233456,0.1564036538233456
2024-08-23,15:18:30,15:21:30,2640,2633,1.1904204374242422,0.0016294147939141,3.1712442416582635e-05,25.861159577651513,0.0981470258224947,0.0019101838993851,1.1872934579567032,0.0015490427594358,3.018825268691314e-05,27.572281620205093,0.0613031683064742,0.0011946962238913,0.0025297972186422,0.0001785191255677,3.4744237691791914e-06,3.0397858439592667,4.86630665472066e-05,9.483617805244662e-07,3.042315641177909,3.601528924581458e-06,0.0008315367361628,0.0013734006165677,0.9991684632638372,1.2242318598495767e-06,3,3.8886749101488953,2.1981580807841734,1.2691071596620938,1565.6666666666667,1677.5709622347824,968.5460466309512,25.082,-0.8463592689709865,-0.2781957458705031,88,70.15818181818182,22.825454545454548,0.0253213412742877,0.0026992640493815,0.0567216525898026,0.0060465484825099
2024-08-23,15:21:45,15:24:45,2572,2570,1.3037577528382582,0.0037835978292935,7.460526640397412e-05,25.403299459175734,0.1617776335628935,0.0031899435391149,1.3035026320622567,0.003767932612104,7.432528194843792e-05,27.119646893385212,0.1771433261242938,0.0034942842706839,0.0026403306132861,0.0001761664127061,3.4736625678389397e-06,7.092790066783103,0.0002596437692322,5.121667062820758e-06,7.09543039739639,6.1885220479197145e-06,0.000372117047932,0.001315616807113,0.999627882952068,1.1323101029136791e-06,3,5.705062416566832,1.2537387166119585,0.7238463855293702,2902.0,1113.3858271057702,642.8136069914306,,1.3903679808295577,0.195952592437485,88,67.15704545454545,22.749431818181815,0.0177049869294917,0.0018873579482171,0.824888928908961,0.0879334552786013
2024-08-23,15:25:10,15:28:20,2771,2770,1.1418254593287622,0.0028721283910534,5.45614102637191e-05,25.124657307109345,0.0755148753724895,0.001434545234484,1.1382524420216609,0.002856557022574,5.427539756597711e-05,26.994535956317687,0.1064613155720473,0.0020227953380265,0.5168745243598566,2.0002544265873753e-05,3.799854586612802e-07,1.2058671163751806,4.1232631817348075e-05,7.834317560940923e-07,1.722741640735037,8.707205437169246e-07,0.3000302031007524,8.92141730805931e-07,0.6999697968992477,8.231312840228269e-07,3,2.955392931713161,0.7257221783289107,0.4189958950150782,860.3333333333334,385.0926295494804,222.33333333333337,,-1.232651290978124,-0.7155172092155341,93,69.20419354838711,22.761935483870975,0.0209169197435189,0.0021689835376582,0.7855824792452121,0.0814611083203851
2024-08-23,15:28:45,15:31:45,2629,2619,1.1759330084442754,0.0019386021270057,3.780884337109764e-05,25.43549013351084,0.0594382599033543,0.0011592331544624,1.172331979419626,0.0020091898348451,3.926026467046548e-05,27.234240901870944,0.0285824301400151,0.000558510576134,0.9120015317822812,2.3606269681520663e-05,4.6039656128049563e-07,2.1278710650377146,3.534136178559924e-05,6.905824394757938e-07,3.039872596819996,8.299813849426043e-07,0.3000130771060353,5.739246017431577e-07,0.6999869228939647,4.2411490234976706e-07,3,4.556021701180899,1.9474410621837792,1.1243556214827355,2093.6666666666665,1391.3767761944762,803.3117562800745,25.492,-1.5161491043609034,-0.498754160272027,88,70.11659090909092,22.78227272727273,0.0090626520093181,0.0009660819502341,0.1568943297923898,0.0167249917519354
2024-08-23,15:31:55,15:34:55,2630,2622,1.2820194993536125,0.0003909810938047,7.623912144869785e-06,25.496957726235745,0.0396656029381775,0.0007734570207247,1.27946989935164,0.0003899511260569,7.6154195596704845e-06,27.160217756292905,0.0754935490829248,0.0014743259139381,2.127849721258089,0.0001391044173033,2.7124581553636725e-06,4.964949743124456,0.0001138090841046,2.2225962876999604e-06,7.092799464382545,3.506759687046796e-06,0.3000013932359677,1.3672630052742464e-06,0.6999986067640322,6.669629466854462e-07,3,5.2885978778024985,1.2247885525259028,0.7071320005012021,2495.0,1015.3575724837038,586.2169677971914,,1.8042015865800467,0.2543708722684308,88,68.09579545454545,22.73215909090909,0.0262809254563499,0.0028015560668911,0.7739549447679915,0.0825038743257513
2024-08-23,15:35:10,15:38:30,2859,2841,1.1386065412731723,0.0024101741415971,4.507558221715288e-05,25.56515736935992,0.1041828524146427,0.0019484495533263,1.134317083245336,0.0024185526235763,4.5375343366652865e-05,27.295906684266107,0.1440954731747904,0.0027034274586996,0.8613618049324895,4.612512635609732e-05,8.626417856939831e-07,0.861402794730528,6.468686363716833e-05,1.2136137209650985e-06,1.7227645996630176,1.488962428720099e-06,0.4999881034826097,1.3228626530940389e-06,0.5000118965173903,1.652856937536957e-06,3,2.7396341947629637,0.6388193265979021,0.3688225101748342,774.6666666666666,326.78025236132817,188.66666666666663,,-1.016869595099946,-0.5902545218881624,97,70.31927835051546,22.728659793814437,0.0232122841930097,0.0023568503739364,0.8604870803585134,0.0873692257189041
2024-08-23,15:38:45,15:41:45,2566,2572,1.170704310872954,0.0010308220525966,2.034957647500837e-05,25.837939157443493,0.0327035007658339,0.0006456035628636,1.166402424222395,0.0010604839957067,2.0910703141941503e-05,27.599441203343705,0.029181484487058,0.0005754027046333,1.5199176441228273,4.086070468652555e-05,8.06635861879987e-07,1.5199473945851476,2.378815955311031e-05,4.690567181796388e-07,3.039865038707975,9.331000045763168e-07,0.4999951066146125,6.130859455741857e-07,0.5000048933853874,4.3526470286134426e-07,3,4.520898185863427,1.9497667360296989,1.1256983499037247,2022.0,1281.426158621713,739.8317376268742,25.492,-1.481033147155452,-0.4872035857831804,88,71.44954545454544,22.745454545454542,0.0118330426620376,0.0012614065861064,0.1520957735997867,0.0162134639430676
2024-08-23,15:42:00,15:45:15,2847,2840,1.2694824714085002,0.0002695708866212,5.052185097405394e-06,25.775814637864418,0.0751686023002296,0.0014087785854542,1.265707135,0.0002935848849378,5.509022198712183e-06,27.509864841549295,0.0831157230237245,0.001559638750805,3.5464047163411747,4.8515980881549885e-05,9.092662737727728e-07,3.5464151762187677,8.063896828319186e-05,1.5131632762613304e-06,7.092819892559943,1.76534083316694e-06,0.4999992626432257,3.573278663913088e-07,0.5000007373567742,4.939611208781943e-07,4,4.647593723258599,1.1632958527403,0.5816479263701501,1943.0,848.3729525784439,424.1864762892219,25.492,2.4452261693013435,0.3447466883892369,95,69.11473684210527,22.69368421052632,0.0240147397813029,0.0024638603146575,0.8039541138928523,0.0824839516923869
2024-08-23,15:45:45,15:48:45,2535,2527,1.138532692465483,0.0026514569998218,5.2661788735873315e-05,25.798269962524657,0.0917805607926068,0.0018228952997709,1.1338450972694891,0.0026545060731435,5.280573626502612e-05,27.575340201424613,0.1103006700144865,0.0021941965586626,1.205831222912781,2.876453656761441e-05,5.713054927576659e-07,0.5169702805312396,7.963503072235122e-05,1.584169074739321e-06,1.7228015034440207,1.6840372987008085e-06,0.6999246404778647,1.08626780047788e-06,0.3000753595221352,3.2164641250174305e-06,3,2.4034519767242855,0.3041785653514421,0.1756175765873693,605.6666666666666,143.18286675902718,82.66666666666667,,-0.6806504732802647,-0.3950835147981871,88,71.7309090909091,22.696704545454548,0.0172687739522523,0.0018408574886016,0.6051401212555546,0.0645081536736026
2024-08-23,15:49:05,15:52:10,2645,2628,1.1673874976181473,0.0019785907987068,3.847185674403519e-05,26.016426754253303,0.0209458338887138,0.0004072722471355,1.1626841731354642,0.0019774479060562,3.857379524090098e-05,27.835385324200914,0.0279322009473772,0.0005448694737656,2.1278510482632416,4.880150700713542e-05,9.48899887585975e-07,0.9120598571438696,3.2026969908841563e-05,6.247455498911283e-07,3.0399109054071114,1.1360977065241547e-06,0.6999715170857204,5.818394042874486e-07,0.3000284829142796,7.803037146933237e-07,3,5.895732928290261,0.2419420823000743,0.1396853263442465,2791.6666666666665,234.37647777311895,135.3173225340266,25.492,-2.85582202288315,-0.9394426717583988,91,72.94142857142859,22.72307692307692,0.0099657533240711,0.0010446948096134,0.1944026258885946,0.0203789324937937
2024-08-23,15:52:20,15:55:20,2587,2574,1.2550062260533437,0.0010377000602431,2.040204154488745e-05,25.921187828759177,0.0826014730707614,0.001624013286521,1.2505686608003106,0.0010399887136474,2.0498607268949345e-05,27.78225658275058,0.0695632964955706,0.0013711213174564,4.964924396593371,0.000221148656784,4.3479655212200984e-06,2.1278811840039333,3.682932890459109e-05,7.259212905747911e-07,7.092805580597305,4.4081476715088085e-06,0.6999944295914652,1.073858108840668e-06,0.3000055704085348,7.089699688985862e-07,3,3.5926338524730443,0.1870040698536015,0.1079668500695324,1182.6666666666667,113.75558594343109,65.67681816626354,25.082,3.5001717281242604,0.4934819780904669,88,70.64818181818181,22.676704545454548,0.0241033021493666,0.0025694206423903,0.845248443997038,0.0901037868793167
2024-08-23,15:55:45,15:58:45,2303,2295,1.13307727433782,0.001689932868496,3.521457764216925e-05,25.927161636561006,0.0706070695052571,0.0014712999418679,1.1281817802614378,0.0016356331911061,3.414244118586063e-05,27.681924085838777,0.0173071355586868,0.0003612716231984,1.7225690700834346,2.8775512668825007e-05,5.996199872551024e-07,0.0,0.0,0.0,1.7225690700834346,5.996199872551024e-07,1.0,4.922825638597324e-07,0.0,0.0,3,2.1124285640937877,0.3215601976572391,0.1856528666780762,483.3333333333333,127.01705922171766,73.33333333333333,,-0.389859494010353,-0.2263244480475141,88,75.41022727272728,22.696818181818184,0.0189703613078521,0.0020222473101794,0.9478917650914096,0.1010456016725362
2024-08-23,15:59:00,16:02:00,2614,2599,1.156320712586075,0.001079549244675,2.1114930985254273e-05,25.925645689747515,0.0500702790846421,0.0009793258552117,1.1512962972681802,0.0010635536859033,2.086201615115219e-05,27.573245259330516,0.0647380399793302,0.0012698616473653,3.039774308309392,3.535517230114029e-05,6.915127093947882e-07,0.0,0.0,0.0,3.039774308309392,6.915127093947882e-07,1.0,3.217168621717089e-07,0.0,0.0,4,4.95241565976382,1.7163426788687883,0.8581713394343942,2079.5,954.6065507143068,477.30327535715344,25.492,-1.912641351454428,-0.6292050519099779,88,76.74704545454546,22.709545454545456,0.0098154336492101,0.0010463287426762,0.1214203214534538,0.0129434497570024
2024-08-23,16:02:10,16:05:10,2611,2602,1.2289637882037534,0.001516184891893,2.9672130396280375e-05,25.577594911528156,0.1377307709070739,0.0026954268016958,1.224013806456572,0.0014783071387693,2.898084392456094e-05,27.261536939277477,0.1154245790894351,0.0022627920977461,7.092780271532574,0.0001358218578568,2.6580688796871143e-06,0.0,0.0,0.0,7.092780271532574,2.6580688796871143e-06,1.0,5.299863967960102e-07,0.0,0.0,3,3.2865575047064866,0.4134308114643529,0.2386943902902295,991.0,239.0313786932586,138.00483083332023,25.492,3.806222766826087,0.5366333963710477,88,74.28534090909092,22.65625,0.025655207174615,0.0027348542739397,1.0071673591522368,0.1073644012306226
