Datetime,Temp (deg C),Humidity (rH)
2024-08-19 09:42:42,22.99,15.59
2024-08-19 09:42:42,23.01,15.42
2024-08-19 09:42:43,23.01,15.38
2024-08-19 09:42:43,23.01,15.30
2024-08-19 09:42:44,23.01,15.20
2024-08-19 09:42:44,23.02,15.13
2024-08-19 09:42:45,23.00,15.06
2024-08-19 09:42:46,23.00,15.03
2024-08-19 09:42:46,23.01,14.93
2024-08-19 09:42:47,23.01,14.86
2024-08-19 09:42:47,23.00,14.80
2024-08-19 09:42:48,23.01,14.76
2024-08-19 09:42:48,23.01,14.70
2024-08-19 09:42:49,23.01,14.64
2024-08-19 09:42:49,22.99,14.61
2024-08-19 09:42:50,23.01,14.54
2024-08-19 09:42:51,23.00,14.48
2024-08-19 09:42:51,23.00,14.44
2024-08-19 09:42:52,23.00,14.37
2024-08-19 09:42:52,22.99,14.37
2024-08-19 09:42:53,22.99,14.30
2024-08-19 09:42:53,23.00,14.27
2024-08-19 09:42:54,23.01,14.23
2024-08-19 09:42:54,23.00,14.17
2024-08-19 09:42:55,22.99,14.14
2024-08-19 09:42:56,23.00,14.11
2024-08-19 09:42:56,23.00,14.04
2024-08-19 09:42:57,23.00,14.01
2024-08-19 09:42:57,23.01,13.97
2024-08-19 09:42:58,23.00,13.92
2024-08-19 09:42:58,23.00,13.89
2024-08-19 09:42:59,23.01,13.82
2024-08-19 09:42:59,23.00,13.81
2024-08-19 09:43:00,23.00,13.78
2024-08-19 09:43:01,23.00,13.76
2024-08-19 09:43:01,22.99,13.75
2024-08-19 09:43:02,22.99,13.70
2024-08-19 09:43:02,23.00,13.67
2024-08-19 09:43:03,23.00,13.63
2024-08-19 09:43:03,23.00,13.58
2024-08-19 09:43:04,23.00,13.58
2024-08-19 09:43:04,23.00,13.54
2024-08-19 09:43:05,23.01,13.52
2024-08-19 09:43:06,23.00,13.47
2024-08-19 09:43:06,23.01,13.47
2024-08-19 09:43:07,23.00,13.40
2024-08-19 09:43:07,22.99,13.40
2024-08-19 09:43:08,23.00,13.37
2024-08-19 09:43:08,23.00,13.34
2024-08-19 09:43:09,22.98,13.27
2024-08-19 09:43:10,23.00,13.26
2024-08-19 09:43:10,23.01,13.24
2024-08-19 09:43:11,22.99,13.20
2024-08-19 09:43:11,23.00,13.17
2024-08-19 09:43:12,22.99,13.18
2024-08-19 09:43:12,23.01,13.13
2024-08-19 09:43:13,22.99,13.10
2024-08-19 09:43:13,22.99,13.11
2024-08-19 09:43:14,22.99,13.06
2024-08-19 09:43:15,23.00,13.07
2024-08-19 09:43:15,23.00,13.02
2024-08-19 09:43:16,23.01,12.99
2024-08-19 09:43:16,23.00,12.97
2024-08-19 09:43:17,22.99,12.95
2024-08-19 09:43:17,22.99,12.93
2024-08-19 09:43:18,23.00,12.93
2024-08-19 09:43:18,23.00,12.88
2024-08-19 09:43:19,23.00,12.86
2024-08-19 09:43:20,23.00,12.86
2024-08-19 09:43:20,23.00,12.82
2024-08-19 09:43:21,23.00,12.83
2024-08-19 09:43:21,23.01,12.80
2024-08-19 09:43:22,22.99,12.78
2024-08-19 09:43:22,23.00,12.75
2024-08-19 09:43:23,23.01,12.70
2024-08-19 09:43:23,23.00,12.72
2024-08-19 09:43:24,23.01,12.67
2024-08-19 09:43:24,23.00,12.68
2024-08-19 09:43:25,23.00,12.69
2024-08-19 09:43:26,23.00,12.62
2024-08-19 09:43:26,22.99,12.62
2024-08-19 09:43:27,22.99,12.62
2024-08-19 09:43:27,22.99,12.58
2024-08-19 09:43:28,23.00,12.57
2024-08-19 09:43:28,23.00,12.57
2024-08-19 09:43:29,23.00,12.54
2024-08-19 09:43:29,23.00,12.51
2024-08-19 09:43:30,23.00,12.51
2024-08-19 09:43:31,23.00,12.48
2024-08-19 09:43:31,23.01,12.47
2024-08-19 09:43:32,22.97,12.45
2024-08-19 09:43:32,23.01,12.44
2024-08-19 09:43:33,22.99,12.39
2024-08-19 09:43:33,22.99,12.39
2024-08-19 09:43:34,22.97,12.38
2024-08-19 09:43:34,23.00,12.34
2024-08-19 09:43:35,23.00,12.34
2024-08-19 09:43:36,23.00,12.34
2024-08-19 09:43:36,23.00,12.33
2024-08-19 09:43:37,23.01,12.31
2024-08-19 09:43:37,23.01,12.30
2024-08-19 09:43:38,23.01,12.27
2024-08-19 09:43:38,23.00,12.27
2024-08-19 09:43:39,22.99,12.24
2024-08-19 09:43:39,22.99,12.25
2024-08-19 09:43:40,23.00,12.24
2024-08-19 09:43:41,23.00,12.20
2024-08-19 09:43:41,23.00,12.21
2024-08-19 09:43:42,22.99,12.18
2024-08-19 09:43:42,23.00,12.19
2024-08-19 09:43:43,23.00,12.17
2024-08-19 09:43:43,23.00,12.16
2024-08-19 09:43:44,23.01,12.13
2024-08-19 09:43:44,22.99,12.12
2024-08-19 09:43:45,22.99,12.10
2024-08-19 09:43:46,23.00,12.10
2024-08-19 09:43:46,23.00,12.09
2024-08-19 09:43:47,22.99,12.07
2024-08-19 09:43:47,23.01,12.08
2024-08-19 09:43:48,22.99,12.04
2024-08-19 09:43:48,23.02,12.01
2024-08-19 09:43:49,23.01,12.03
2024-08-19 09:43:50,23.00,12.01
2024-08-19 09:43:50,22.98,11.99
2024-08-19 09:43:51,23.00,12.00
2024-08-19 09:43:51,23.01,11.97
2024-08-19 09:43:52,23.01,11.97
2024-08-19 09:43:52,23.00,11.97
2024-08-19 09:43:53,22.99,11.95
2024-08-19 09:43:53,22.98,11.93
2024-08-19 09:43:54,23.00,11.92
2024-08-19 09:43:54,22.99,11.91
2024-08-19 09:43:55,23.01,11.84
2024-08-19 09:43:56,23.01,11.88
2024-08-19 09:43:56,23.00,11.87
2024-08-19 09:43:57,22.99,11.87
2024-08-19 09:43:57,23.00,11.86
2024-08-19 09:43:58,22.99,11.84
2024-08-19 09:43:58,22.99,11.86
2024-08-19 09:43:59,22.99,11.83
2024-08-19 09:43:59,22.99,11.82
2024-08-19 09:44:00,23.01,11.82
2024-08-19 09:44:01,23.01,11.81
2024-08-19 09:44:01,23.00,11.80
2024-08-19 09:44:02,23.01,11.78
2024-08-19 09:44:02,23.01,11.80
2024-08-19 09:44:03,23.00,11.78
2024-08-19 09:44:03,23.01,11.78
2024-08-19 09:44:04,23.00,11.77
2024-08-19 09:44:04,23.01,11.77
2024-08-19 09:44:05,23.01,11.74
2024-08-19 09:44:06,23.00,11.73
2024-08-19 09:44:06,23.02,11.73
2024-08-19 09:44:07,23.01,11.71
2024-08-19 09:44:07,23.02,11.73
2024-08-19 09:44:08,23.01,11.71
2024-08-19 09:44:08,23.00,11.72
2024-08-19 09:44:09,23.00,11.69
2024-08-19 09:44:09,23.01,11.67
2024-08-19 09:44:10,23.00,11.65
2024-08-19 09:44:11,23.00,11.66
2024-08-19 09:44:11,23.02,11.65
2024-08-19 09:44:12,23.00,11.63
2024-08-19 09:44:12,23.03,11.64
2024-08-19 09:44:13,23.01,11.65
2024-08-19 09:44:13,23.00,11.61
2024-08-19 09:44:14,23.00,11.64
2024-08-19 09:44:15,23.01,11.62
2024-08-19 09:44:15,23.02,11.63
2024-08-19 09:44:16,23.02,11.60
2024-08-19 09:44:16,23.02,11.60
2024-08-19 09:44:17,23.01,11.61
2024-08-19 09:44:17,23.01,11.58
2024-08-19 09:44:18,23.02,11.56
2024-08-19 09:44:18,23.02,11.55
2024-08-19 09:44:19,23.01,11.57
2024-08-19 09:44:20,23.02,11.55
2024-08-19 09:44:20,23.01,11.52
2024-08-19 09:44:21,23.03,11.52
2024-08-19 09:44:21,23.01,11.52
2024-08-19 09:44:22,23.01,11.51
2024-08-19 09:44:22,23.01,11.51
2024-08-19 09:44:23,23.00,11.50
2024-08-19 09:44:23,23.01,11.49
2024-08-19 09:44:24,23.00,11.51
2024-08-19 09:44:24,23.03,11.47
2024-08-19 09:44:25,23.03,11.48
2024-08-19 09:44:26,23.01,11.47
2024-08-19 09:44:26,23.00,11.47
2024-08-19 09:44:27,23.01,11.48
2024-08-19 09:44:27,23.01,11.46
2024-08-19 09:44:28,23.02,11.46
2024-08-19 09:44:28,23.00,11.45
2024-08-19 09:44:29,23.02,11.43
2024-08-19 09:44:29,23.01,11.40
2024-08-19 09:44:30,22.99,11.39
2024-08-19 09:44:31,23.03,11.41
2024-08-19 09:44:31,23.01,11.42
2024-08-19 09:44:32,23.02,11.38
2024-08-19 09:44:32,23.02,11.38
2024-08-19 09:44:33,23.03,11.40
2024-08-19 09:44:33,23.02,11.40
2024-08-19 09:44:34,23.03,11.36
2024-08-19 09:44:34,23.01,11.38
2024-08-19 09:44:35,23.01,11.35
2024-08-19 09:44:36,23.01,11.35
2024-08-19 09:44:36,23.02,11.36
2024-08-19 09:44:37,23.00,11.34
2024-08-19 09:44:37,23.01,11.35
2024-08-19 09:44:38,23.02,11.34
2024-08-19 09:44:38,23.01,11.33
2024-08-19 09:44:39,23.00,11.35
2024-08-19 09:44:39,23.00,11.33
2024-08-19 09:44:40,23.02,11.31
2024-08-19 09:44:41,23.00,11.32
2024-08-19 09:44:41,23.02,11.28
2024-08-19 09:44:42,23.02,11.28
2024-08-19 09:44:42,23.03,11.28
2024-08-19 09:44:43,23.02,11.30
2024-08-19 09:44:43,23.02,11.27
2024-08-19 09:44:44,23.03,11.26
2024-08-19 09:44:44,23.04,11.25
2024-08-19 09:44:45,23.03,11.27
2024-08-19 09:44:46,23.03,11.25
2024-08-19 09:44:46,23.01,11.26
2024-08-19 09:44:47,23.02,11.26
2024-08-19 09:44:47,23.02,11.26
2024-08-19 09:44:48,23.02,11.26
2024-08-19 09:44:48,23.03,11.24
2024-08-19 09:44:49,23.02,11.22
2024-08-19 09:44:49,23.01,11.23
2024-08-19 09:44:50,23.02,11.20
2024-08-19 09:44:51,23.02,11.23
2024-08-19 09:44:51,23.03,11.22
2024-08-19 09:44:52,23.01,11.23
2024-08-19 09:44:52,23.03,11.25
2024-08-19 09:44:53,23.01,11.27
2024-08-19 09:44:53,23.01,11.31
2024-08-19 09:44:54,23.01,11.35
2024-08-19 09:44:54,23.01,11.42
2024-08-19 09:44:55,23.02,11.52
2024-08-19 09:44:56,23.02,11.65
2024-08-19 09:44:56,23.03,11.79
2024-08-19 09:44:57,23.02,12.05
2024-08-19 09:44:57,23.05,12.52
2024-08-19 09:44:58,23.02,13.50
2024-08-19 09:44:58,23.03,14.49
2024-08-19 09:44:59,23.04,15.37
2024-08-19 09:44:59,23.05,16.12
2024-08-19 09:45:00,23.04,16.69
2024-08-19 09:45:01,23.04,17.21
2024-08-19 09:45:01,23.06,17.57
2024-08-19 09:45:02,23.04,17.93
2024-08-19 09:45:02,23.04,18.24
2024-08-19 09:45:03,23.04,18.47
2024-08-19 09:45:03,23.04,18.68
2024-08-19 09:45:04,23.06,18.88
2024-08-19 09:45:04,23.04,19.04
2024-08-19 09:45:05,23.04,19.17
2024-08-19 09:45:06,23.04,19.31
2024-08-19 09:45:06,23.02,19.42
2024-08-19 09:45:07,23.03,19.52
2024-08-19 09:45:07,23.05,19.64
2024-08-19 09:45:08,23.05,19.70
2024-08-19 09:45:08,23.04,19.79
2024-08-19 09:45:09,23.05,19.85
2024-08-19 09:45:09,23.04,19.92
2024-08-19 09:45:10,23.06,19.99
2024-08-19 09:45:11,23.05,19.98
2024-08-19 09:45:11,23.05,20.06
2024-08-19 09:45:12,23.05,20.10
2024-08-19 09:45:12,23.05,20.15
2024-08-19 09:45:13,23.05,20.19
2024-08-19 09:45:13,23.05,20.25
2024-08-19 09:45:14,23.06,20.28
2024-08-19 09:45:14,23.05,20.29
2024-08-19 09:45:15,23.07,20.35
2024-08-19 09:45:16,23.05,20.38
2024-08-19 09:45:16,23.07,20.37
2024-08-19 09:45:17,23.06,20.42
2024-08-19 09:45:17,23.05,20.45
2024-08-19 09:45:18,23.05,20.45
2024-08-19 09:45:18,23.05,20.48
2024-08-19 09:45:19,23.05,20.52
2024-08-19 09:45:19,23.07,20.53
2024-08-19 09:45:20,23.06,20.54
2024-08-19 09:45:20,23.05,20.58
2024-08-19 09:45:21,23.06,20.60
2024-08-19 09:45:22,23.06,20.62
2024-08-19 09:45:22,23.06,20.64
2024-08-19 09:45:23,23.06,20.66
2024-08-19 09:45:23,23.05,20.68
2024-08-19 09:45:24,23.05,20.70
2024-08-19 09:45:24,23.06,20.70
2024-08-19 09:45:25,23.06,20.74
2024-08-19 09:45:26,23.05,20.75
2024-08-19 09:45:26,23.05,20.76
2024-08-19 09:45:27,23.06,20.78
2024-08-19 09:45:27,23.06,20.80
2024-08-19 09:45:28,23.07,20.79
2024-08-19 09:45:28,23.05,20.78
2024-08-19 09:45:29,23.06,20.81
2024-08-19 09:45:29,23.07,20.86
2024-08-19 09:45:30,23.06,20.84
2024-08-19 09:45:30,23.06,20.85
2024-08-19 09:45:31,23.06,20.89
2024-08-19 09:45:32,23.06,20.87
2024-08-19 09:45:32,23.06,20.90
2024-08-19 09:45:33,23.05,20.88
2024-08-19 09:45:33,23.06,20.90
2024-08-19 09:45:34,23.05,20.93
2024-08-19 09:45:34,23.05,20.92
2024-08-19 09:45:35,23.04,20.94
2024-08-19 09:45:35,23.06,20.95
2024-08-19 09:45:36,23.04,20.96
2024-08-19 09:45:37,23.06,20.98
2024-08-19 09:45:37,23.05,20.96
2024-08-19 09:45:38,23.06,20.97
2024-08-19 09:45:38,23.05,20.99
2024-08-19 09:45:39,23.06,21.02
2024-08-19 09:45:39,23.07,21.01
2024-08-19 09:45:40,23.07,21.03
2024-08-19 09:45:41,23.06,21.05
2024-08-19 09:45:41,23.07,21.01
2024-08-19 09:45:42,23.06,21.04
2024-08-19 09:45:42,23.06,21.03
2024-08-19 09:45:43,23.06,21.06
2024-08-19 09:45:43,23.06,21.05
2024-08-19 09:45:44,23.05,21.07
2024-08-19 09:45:44,23.07,21.10
2024-08-19 09:45:45,23.06,21.08
2024-08-19 09:45:45,23.07,21.09
2024-08-19 09:45:46,23.08,21.09
2024-08-19 09:45:47,23.05,21.10
2024-08-19 09:45:47,23.06,21.10
2024-08-19 09:45:48,23.07,21.10
2024-08-19 09:45:48,23.07,21.15
2024-08-19 09:45:49,23.07,21.15
2024-08-19 09:45:49,23.06,21.25
2024-08-19 09:45:50,23.06,21.45
2024-08-19 09:45:50,23.06,21.78
2024-08-19 09:45:51,23.07,22.41
2024-08-19 09:45:52,23.08,23.16
2024-08-19 09:45:52,23.07,23.98
2024-08-19 09:45:53,23.07,24.95
2024-08-19 09:45:53,23.10,26.11
2024-08-19 09:45:54,23.06,27.53
2024-08-19 09:45:54,23.09,29.03
2024-08-19 09:45:55,23.09,30.52
2024-08-19 09:45:55,23.08,31.87
2024-08-19 09:45:56,23.09,33.02
2024-08-19 09:45:57,23.10,34.00
2024-08-19 09:45:57,23.09,34.83
2024-08-19 09:45:58,23.09,35.49
2024-08-19 09:45:58,23.10,36.06
2024-08-19 09:45:59,23.10,36.49
2024-08-19 09:45:59,23.10,36.88
2024-08-19 09:46:00,23.08,37.18
2024-08-19 09:46:00,23.08,37.41
2024-08-19 09:46:01,23.08,37.66
2024-08-19 09:46:02,23.10,37.82
2024-08-19 09:46:02,23.10,37.97
2024-08-19 09:46:03,23.09,38.08
2024-08-19 09:46:03,23.09,38.20
2024-08-19 09:46:04,23.11,38.29
2024-08-19 09:46:04,23.10,38.36
2024-08-19 09:46:05,23.12,38.41
2024-08-19 09:46:05,23.11,38.50
2024-08-19 09:46:06,23.12,38.54
2024-08-19 09:46:07,23.10,38.62
2024-08-19 09:46:07,23.10,38.64
2024-08-19 09:46:08,23.10,38.71
2024-08-19 09:46:08,23.09,38.74
2024-08-19 09:46:09,23.10,38.81
2024-08-19 09:46:09,23.11,38.87
2024-08-19 09:46:10,23.11,38.89
2024-08-19 09:46:10,23.10,38.93
2024-08-19 09:46:11,23.12,38.96
2024-08-19 09:46:12,23.12,38.99
2024-08-19 09:46:12,23.12,39.03
2024-08-19 09:46:13,23.12,39.06
2024-08-19 09:46:13,23.12,39.10
2024-08-19 09:46:14,23.11,39.11
2024-08-19 09:46:14,23.12,39.15
2024-08-19 09:46:15,23.12,39.17
2024-08-19 09:46:15,23.10,39.19
2024-08-19 09:46:16,23.12,39.24
2024-08-19 09:46:17,23.11,39.27
2024-08-19 09:46:17,23.14,39.29
2024-08-19 09:46:18,23.12,39.31
2024-08-19 09:46:18,23.12,39.34
2024-08-19 09:46:19,23.11,39.37
2024-08-19 09:46:19,23.12,39.40
2024-08-19 09:46:20,23.11,39.40
2024-08-19 09:46:20,23.11,39.42
2024-08-19 09:46:21,23.12,39.45
2024-08-19 09:46:22,23.13,39.49
2024-08-19 09:46:22,23.12,39.52
2024-08-19 09:46:23,23.13,39.53
2024-08-19 09:46:23,23.11,39.56
2024-08-19 09:46:24,23.12,39.57
2024-08-19 09:46:24,23.11,39.57
2024-08-19 09:46:25,23.14,39.59
2024-08-19 09:46:25,23.11,39.61
2024-08-19 09:46:26,23.12,39.61
2024-08-19 09:46:27,23.13,39.67
2024-08-19 09:46:27,23.13,39.66
2024-08-19 09:46:28,23.13,39.68
2024-08-19 09:46:28,23.12,39.67
2024-08-19 09:46:29,23.11,39.70
2024-08-19 09:46:29,23.12,39.70
2024-08-19 09:46:30,23.13,39.70
2024-08-19 09:46:31,23.13,39.73
2024-08-19 09:46:31,23.12,39.73
2024-08-19 09:46:32,23.14,39.77
2024-08-19 09:46:32,23.13,39.76
2024-08-19 09:46:33,23.13,39.80
2024-08-19 09:46:33,23.11,39.77
2024-08-19 09:46:34,23.12,39.78
2024-08-19 09:46:34,23.13,39.79
2024-08-19 09:46:35,23.12,39.81
2024-08-19 09:46:35,23.11,39.81
2024-08-19 09:46:36,23.13,39.80
2024-08-19 09:46:37,23.12,39.82
2024-08-19 09:46:37,23.12,39.83
2024-08-19 09:46:38,23.12,39.85
2024-08-19 09:46:38,23.11,39.85
2024-08-19 09:46:39,23.11,39.83
2024-08-19 09:46:39,23.12,39.89
2024-08-19 09:46:40,23.12,39.87
2024-08-19 09:46:41,23.12,39.89
2024-08-19 09:46:41,23.14,39.86
2024-08-19 09:46:42,23.12,39.91
2024-08-19 09:46:42,23.12,39.89
2024-08-19 09:46:43,23.12,39.88
2024-08-19 09:46:43,23.11,39.91
2024-08-19 09:46:44,23.12,39.90
2024-08-19 09:46:44,23.12,39.93
2024-08-19 09:46:45,23.13,39.96
2024-08-19 09:46:45,23.12,39.97
2024-08-19 09:46:46,23.13,39.94
2024-08-19 09:46:47,23.12,39.92
2024-08-19 09:46:47,23.12,39.94
2024-08-19 09:46:48,23.13,39.94
2024-08-19 09:46:48,23.13,39.97
2024-08-19 09:46:49,23.12,40.12
2024-08-19 09:46:49,23.13,40.32
2024-08-19 09:46:50,23.13,40.66
2024-08-19 09:46:50,23.13,41.10
2024-08-19 09:46:51,23.13,41.66
2024-08-19 09:46:52,23.12,42.31
2024-08-19 09:46:52,23.11,43.07
2024-08-19 09:46:53,23.13,44.03
2024-08-19 09:46:53,23.13,45.01
2024-08-19 09:46:54,23.14,46.18
2024-08-19 09:46:54,23.15,47.38
2024-08-19 09:46:55,23.15,48.49
2024-08-19 09:46:55,23.14,49.47
2024-08-19 09:46:56,23.14,50.41
2024-08-19 09:46:57,23.15,51.17
2024-08-19 09:46:57,23.14,51.86
2024-08-19 09:46:58,23.15,52.37
2024-08-19 09:46:58,23.15,52.85
2024-08-19 09:46:59,23.16,53.28
2024-08-19 09:46:59,23.15,53.63
2024-08-19 09:47:00,23.15,53.89
2024-08-19 09:47:00,23.15,54.16
2024-08-19 09:47:01,23.14,54.33
2024-08-19 09:47:02,23.15,54.53
2024-08-19 09:47:02,23.15,54.65
2024-08-19 09:47:03,23.17,54.84
2024-08-19 09:47:03,23.15,54.93
2024-08-19 09:47:04,23.16,55.05
2024-08-19 09:47:04,23.15,55.15
2024-08-19 09:47:05,23.16,55.24
2024-08-19 09:47:05,23.16,55.32
2024-08-19 09:47:06,23.17,55.40
2024-08-19 09:47:07,23.14,55.44
2024-08-19 09:47:07,23.17,55.48
2024-08-19 09:47:08,23.16,55.58
2024-08-19 09:47:08,23.17,55.65
2024-08-19 09:47:09,23.17,55.71
2024-08-19 09:47:09,23.15,55.73
2024-08-19 09:47:10,23.17,55.79
2024-08-19 09:47:10,23.16,55.84
2024-08-19 09:47:11,23.17,55.87
2024-08-19 09:47:12,23.17,55.90
2024-08-19 09:47:12,23.16,55.94
2024-08-19 09:47:13,23.17,55.98
2024-08-19 09:47:13,23.15,56.03
2024-08-19 09:47:14,23.16,56.05
2024-08-19 09:47:14,23.14,56.09
2024-08-19 09:47:15,23.15,56.10
2024-08-19 09:47:16,23.16,56.14
2024-08-19 09:47:16,23.16,56.16
2024-08-19 09:47:17,23.17,56.19
2024-08-19 09:47:17,23.15,56.23
2024-08-19 09:47:18,23.18,56.25
2024-08-19 09:47:18,23.17,56.29
2024-08-19 09:47:19,23.19,56.30
2024-08-19 09:47:19,23.18,56.32
2024-08-19 09:47:20,23.18,56.36
2024-08-19 09:47:20,23.19,56.37
2024-08-19 09:47:21,23.17,56.40
2024-08-19 09:47:22,23.18,56.40
2024-08-19 09:47:22,23.18,56.41
2024-08-19 09:47:23,23.18,56.43
2024-08-19 09:47:23,23.17,56.45
2024-08-19 09:47:24,23.17,56.47
2024-08-19 09:47:24,23.16,56.50
2024-08-19 09:47:25,23.17,56.52
2024-08-19 09:47:25,23.18,56.53
2024-08-19 09:47:26,23.17,56.54
2024-08-19 09:47:27,23.18,56.56
2024-08-19 09:47:27,23.18,56.58
2024-08-19 09:47:28,23.17,56.59
2024-08-19 09:47:28,23.19,56.62
2024-08-19 09:47:29,23.17,56.62
2024-08-19 09:47:29,23.19,56.64
2024-08-19 09:47:30,23.19,56.64
2024-08-19 09:47:31,23.18,56.65
2024-08-19 09:47:31,23.18,56.66
2024-08-19 09:47:32,23.18,56.66
2024-08-19 09:47:32,23.17,56.66
2024-08-19 09:47:33,23.19,56.70
2024-08-19 09:47:33,23.17,56.70
2024-08-19 09:47:34,23.17,56.72
2024-08-19 09:47:34,23.17,56.71
2024-08-19 09:47:35,23.16,56.74
2024-08-19 09:47:36,23.18,56.74
2024-08-19 09:47:36,23.17,56.75
2024-08-19 09:47:37,23.17,56.77
2024-08-19 09:47:37,23.18,56.80
2024-08-19 09:47:38,23.19,56.79
2024-08-19 09:47:38,23.17,56.79
2024-08-19 09:47:39,23.17,56.80
2024-08-19 09:47:39,23.16,56.80
2024-08-19 09:47:40,23.17,56.81
2024-08-19 09:47:40,23.17,56.81
2024-08-19 09:47:41,23.17,56.82
2024-08-19 09:47:42,23.16,56.83
2024-08-19 09:47:42,23.18,56.85
2024-08-19 09:47:43,23.18,56.86
2024-08-19 09:47:43,23.17,56.85
2024-08-19 09:47:44,23.18,56.89
2024-08-19 09:47:44,23.17,56.90
2024-08-19 09:47:45,23.18,56.89
2024-08-19 09:47:45,23.17,56.91
2024-08-19 09:47:46,23.17,56.91
2024-08-19 09:47:47,23.16,56.90
2024-08-19 09:47:47,23.18,56.91
2024-08-19 09:47:48,23.17,56.92
2024-08-19 09:47:48,23.17,56.97
2024-08-19 09:47:49,23.17,57.09
2024-08-19 09:47:49,23.18,57.29
2024-08-19 09:47:50,23.18,57.66
2024-08-19 09:47:50,23.17,58.05
2024-08-19 09:47:51,23.19,58.69
2024-08-19 09:47:52,23.19,59.50
2024-08-19 09:47:52,23.18,60.42
2024-08-19 09:47:53,23.19,61.38
2024-08-19 09:47:53,23.18,62.30
2024-08-19 09:47:54,23.19,63.31
2024-08-19 09:47:54,23.20,64.30
2024-08-19 09:47:55,23.20,65.35
2024-08-19 09:47:55,23.23,66.35
2024-08-19 09:47:56,23.21,67.25
2024-08-19 09:47:57,23.21,68.06
2024-08-19 09:47:57,23.22,68.77
2024-08-19 09:47:58,23.22,69.34
2024-08-19 09:47:58,23.24,69.87
2024-08-19 09:47:59,23.23,70.41
2024-08-19 09:47:59,23.25,70.89
2024-08-19 09:48:00,23.26,71.32
2024-08-19 09:48:00,23.26,71.68
2024-08-19 09:48:01,23.25,72.01
2024-08-19 09:48:02,23.27,72.32
2024-08-19 09:48:02,23.27,72.63
2024-08-19 09:48:03,23.27,72.91
2024-08-19 09:48:03,23.26,73.13
2024-08-19 09:48:04,23.27,73.33
2024-08-19 09:48:04,23.27,73.59
2024-08-19 09:48:05,23.26,73.81
2024-08-19 09:48:05,23.28,73.98
2024-08-19 09:48:06,23.26,74.11
2024-08-19 09:48:07,23.26,74.28
2024-08-19 09:48:07,23.28,74.42
2024-08-19 09:48:08,23.28,74.54
2024-08-19 09:48:08,23.28,74.64
2024-08-19 09:48:09,23.28,74.74
2024-08-19 09:48:09,23.28,74.85
2024-08-19 09:48:10,23.28,74.91
2024-08-19 09:48:11,23.27,75.02
2024-08-19 09:48:11,23.28,75.10
2024-08-19 09:48:12,23.28,75.21
2024-08-19 09:48:12,23.28,75.27
2024-08-19 09:48:13,23.29,75.32
2024-08-19 09:48:13,23.30,75.43
2024-08-19 09:48:14,23.29,75.46
2024-08-19 09:48:14,23.27,75.52
2024-08-19 09:48:15,23.29,75.59
2024-08-19 09:48:15,23.29,75.63
2024-08-19 09:48:16,23.30,75.70
2024-08-19 09:48:17,23.30,75.76
2024-08-19 09:48:17,23.31,75.83
2024-08-19 09:48:18,23.29,75.88
2024-08-19 09:48:18,23.30,75.91
2024-08-19 09:48:19,23.29,75.91
2024-08-19 09:48:19,23.29,75.98
2024-08-19 09:48:20,23.31,76.03
2024-08-19 09:48:21,23.31,76.01
2024-08-19 09:48:21,23.28,76.05
2024-08-19 09:48:22,23.30,76.07
2024-08-19 09:48:22,23.30,76.10
2024-08-19 09:48:23,23.32,76.15
2024-08-19 09:48:23,23.30,76.17
2024-08-19 09:48:24,23.30,76.22
2024-08-19 09:48:24,23.29,76.23
2024-08-19 09:48:25,23.30,76.22
2024-08-19 09:48:25,23.29,76.28
2024-08-19 09:48:26,23.30,76.29
2024-08-19 09:48:27,23.30,76.33
2024-08-19 09:48:27,23.30,76.33
2024-08-19 09:48:28,23.27,76.37
2024-08-19 09:48:28,23.30,76.36
2024-08-19 09:48:29,23.30,76.41
2024-08-19 09:48:29,23.30,76.41
2024-08-19 09:48:30,23.29,76.44
2024-08-19 09:48:30,23.29,76.46
2024-08-19 09:48:31,23.28,76.48
2024-08-19 09:48:32,23.29,76.49
2024-08-19 09:48:32,23.29,76.49
2024-08-19 09:48:33,23.29,76.51
2024-08-19 09:48:33,23.29,76.56
2024-08-19 09:48:34,23.28,76.57
2024-08-19 09:48:34,23.29,76.55
2024-08-19 09:48:35,23.29,76.59
2024-08-19 09:48:36,23.30,76.58
2024-08-19 09:48:36,23.30,76.60
2024-08-19 09:48:37,23.30,76.62
2024-08-19 09:48:37,23.29,76.63
2024-08-19 09:48:38,23.29,76.67
2024-08-19 09:48:38,23.29,76.67
2024-08-19 09:48:39,23.30,76.66
2024-08-19 09:48:39,23.28,76.71
2024-08-19 09:48:40,23.29,76.71
2024-08-19 09:48:40,23.29,76.70
2024-08-19 09:48:41,23.28,76.71
2024-08-19 09:48:42,23.29,76.71
2024-08-19 09:48:42,23.29,76.75
2024-08-19 09:48:43,23.29,76.77
2024-08-19 09:48:43,23.30,76.78
2024-08-19 09:48:44,23.29,76.79
2024-08-19 09:48:44,23.28,76.79
2024-08-19 09:48:45,23.28,76.81
2024-08-19 09:48:46,23.27,76.81
2024-08-19 09:48:46,23.29,76.84
2024-08-19 09:48:47,23.28,76.85
2024-08-19 09:48:47,23.27,76.86
2024-08-19 09:48:48,23.27,76.90
2024-08-19 09:48:48,23.28,76.94
2024-08-19 09:48:49,23.29,77.04
2024-08-19 09:48:49,23.29,77.17
2024-08-19 09:48:50,23.29,77.43
2024-08-19 09:48:50,23.29,77.67
2024-08-19 09:48:51,23.29,77.96
2024-08-19 09:48:52,23.30,78.29
2024-08-19 09:48:52,23.30,78.63
2024-08-19 09:48:53,23.30,78.95
2024-08-19 09:48:53,23.29,79.25
2024-08-19 09:48:54,23.30,79.54
2024-08-19 09:48:54,23.30,79.80
2024-08-19 09:48:55,23.29,80.05
2024-08-19 09:48:55,23.32,80.32
2024-08-19 09:48:56,23.31,80.48
2024-08-19 09:48:57,23.30,80.67
2024-08-19 09:48:57,23.32,80.85
2024-08-19 09:48:58,23.30,80.99
2024-08-19 09:48:58,23.31,81.17
2024-08-19 09:48:59,23.31,81.31
2024-08-19 09:48:59,23.30,81.42
2024-08-19 09:49:00,23.32,81.53
2024-08-19 09:49:01,23.31,81.67
2024-08-19 09:49:01,23.31,81.80
2024-08-19 09:49:02,23.32,81.90
2024-08-19 09:49:02,23.32,81.99
2024-08-19 09:49:03,23.34,82.05
2024-08-19 09:49:03,23.32,82.13
2024-08-19 09:49:04,23.32,82.18
2024-08-19 09:49:04,23.32,82.26
2024-08-19 09:49:05,23.34,82.33
2024-08-19 09:49:05,23.34,82.38
2024-08-19 09:49:06,23.33,82.42
2024-08-19 09:49:07,23.34,82.46
2024-08-19 09:49:07,23.34,82.56
2024-08-19 09:49:08,23.33,82.61
2024-08-19 09:49:08,23.34,82.63
2024-08-19 09:49:09,23.33,82.64
2024-08-19 09:49:09,23.34,82.68
2024-08-19 09:49:10,23.32,82.79
2024-08-19 09:49:11,23.33,82.78
2024-08-19 09:49:11,23.34,82.82
2024-08-19 09:49:12,23.35,82.88
2024-08-19 09:49:12,23.34,82.92
2024-08-19 09:49:13,23.33,82.93
2024-08-19 09:49:13,23.33,82.97
2024-08-19 09:49:14,23.33,83.02
2024-08-19 09:49:14,23.33,83.04
2024-08-19 09:49:15,23.34,83.05
2024-08-19 09:49:15,23.34,83.11
2024-08-19 09:49:16,23.34,83.14
2024-08-19 09:49:17,23.32,83.15
2024-08-19 09:49:17,23.35,83.19
2024-08-19 09:49:18,23.33,83.22
2024-08-19 09:49:18,23.34,83.19
2024-08-19 09:49:19,23.33,83.26
2024-08-19 09:49:19,23.35,83.28
2024-08-19 09:49:20,23.34,83.30
2024-08-19 09:49:20,23.35,83.33
2024-08-19 09:49:21,23.34,83.34
2024-08-19 09:49:22,23.33,83.37
2024-08-19 09:49:22,23.33,83.35
2024-08-19 09:49:23,23.32,83.41
2024-08-19 09:49:23,23.32,83.39
2024-08-19 09:49:24,23.32,83.43
2024-08-19 09:49:24,23.32,83.44
2024-08-19 09:49:25,23.34,83.45
2024-08-19 09:49:25,23.33,83.48
2024-08-19 09:49:26,23.33,83.51
2024-08-19 09:49:27,23.32,83.49
2024-08-19 09:49:27,23.33,83.52
2024-08-19 09:49:28,23.32,83.55
2024-08-19 09:49:28,23.34,83.55
2024-08-19 09:49:29,23.33,83.59
2024-08-19 09:49:29,23.32,83.57
2024-08-19 09:49:30,23.33,83.60
2024-08-19 09:49:30,23.32,83.62
2024-08-19 09:49:31,23.32,83.62
2024-08-19 09:49:32,23.33,83.62
2024-08-19 09:49:32,23.32,83.64
2024-08-19 09:49:33,23.32,83.65
2024-08-19 09:49:33,23.33,83.68
2024-08-19 09:49:34,23.32,83.67
2024-08-19 09:49:34,23.31,83.67
2024-08-19 09:49:35,23.31,83.71
2024-08-19 09:49:35,23.32,83.70
2024-08-19 09:49:36,23.33,83.73
2024-08-19 09:49:37,23.33,83.73
2024-08-19 09:49:37,23.32,83.77
2024-08-19 09:49:38,23.31,83.77
2024-08-19 09:49:38,23.32,83.75
2024-08-19 09:49:39,23.33,83.77
2024-08-19 09:49:39,23.32,83.80
2024-08-19 09:49:40,23.33,83.80
2024-08-19 09:49:40,23.31,83.79
2024-08-19 09:49:41,23.32,83.80
2024-08-19 09:49:42,23.32,83.83
2024-08-19 09:49:42,23.31,83.81
2024-08-19 09:49:43,23.31,83.85
2024-08-19 09:49:43,23.31,83.84
2024-08-19 09:49:44,23.31,83.86
2024-08-19 09:49:44,23.31,83.87
2024-08-19 09:49:45,23.30,83.86
2024-08-19 09:49:45,23.31,83.90
2024-08-19 09:49:46,23.32,83.90
2024-08-19 09:49:47,23.34,83.90
2024-08-19 09:49:47,23.33,83.90
2024-08-19 09:49:48,23.32,83.91
2024-08-19 09:49:48,23.32,83.93
2024-08-19 09:49:49,23.31,83.90
2024-08-19 09:49:49,23.32,83.92
2024-08-19 09:49:50,23.32,83.93
2024-08-19 09:49:51,23.32,83.94
2024-08-19 09:49:51,23.30,83.95
2024-08-19 09:49:52,23.32,83.93
2024-08-19 09:49:52,23.30,83.94
2024-08-19 09:49:53,23.32,83.92
2024-08-19 09:49:53,23.32,83.98
2024-08-19 09:49:54,23.31,83.98
2024-08-19 09:49:54,23.30,83.96
2024-08-19 09:49:55,23.31,83.95
2024-08-19 09:49:56,23.31,84.01
2024-08-19 09:49:56,23.32,83.99
2024-08-19 09:49:57,23.30,83.98
2024-08-19 09:49:57,23.30,84.02
2024-08-19 09:49:58,23.31,84.01
2024-08-19 09:49:58,23.30,84.00
2024-08-19 09:49:59,23.30,84.03
2024-08-19 09:49:59,23.28,84.03
2024-08-19 09:50:00,23.30,84.03
2024-08-19 09:50:00,23.31,84.02
2024-08-19 09:50:01,23.30,84.03
2024-08-19 09:50:02,23.30,84.02
2024-08-19 09:50:02,23.31,84.04
2024-08-19 09:50:03,23.31,84.03
2024-08-19 09:50:03,23.30,84.05
2024-08-19 09:50:04,23.29,84.06
2024-08-19 09:50:04,23.31,84.08
2024-08-19 09:50:05,23.30,84.08
2024-08-19 09:50:05,23.31,84.05
2024-08-19 09:50:06,23.30,84.08
2024-08-19 09:50:07,23.30,84.05
2024-08-19 09:50:07,23.30,84.09
2024-08-19 09:50:08,23.32,84.08
2024-08-19 09:50:08,23.32,84.11
2024-08-19 09:50:09,23.30,84.10
2024-08-19 09:50:09,23.31,84.11
2024-08-19 09:50:10,23.31,84.09
2024-08-19 09:50:11,23.29,84.11
2024-08-19 09:50:11,23.29,84.11
2024-08-19 09:50:12,23.30,84.11
2024-08-19 09:50:12,23.28,84.14
2024-08-19 09:50:13,23.29,84.11
2024-08-19 09:50:13,23.29,84.15
2024-08-19 09:50:14,23.31,84.13
2024-08-19 09:50:14,23.29,84.13
2024-08-19 09:50:15,23.29,84.15
2024-08-19 09:50:15,23.28,84.16
2024-08-19 09:50:16,23.30,84.16
2024-08-19 09:50:17,23.30,84.16
2024-08-19 09:50:17,23.28,84.16
2024-08-19 09:50:18,23.29,84.15
2024-08-19 09:50:18,23.28,84.19
2024-08-19 09:50:19,23.30,84.18
2024-08-19 09:50:19,23.30,84.18
2024-08-19 09:50:20,23.29,84.18
2024-08-19 09:50:20,23.30,84.18
2024-08-19 09:50:21,23.29,84.18
2024-08-19 09:50:22,23.30,84.18
2024-08-19 09:50:22,23.28,84.20
2024-08-19 09:50:23,23.28,84.18
2024-08-19 09:50:23,23.29,84.19
2024-08-19 09:50:24,23.29,84.19
2024-08-19 09:50:24,23.29,84.18
2024-08-19 09:50:25,23.29,84.19
2024-08-19 09:50:25,23.28,84.19
2024-08-19 09:50:26,23.29,84.18
2024-08-19 09:50:27,23.29,84.17
2024-08-19 09:50:27,23.28,84.24
